-- phpMyAdmin SQL Dump
-- version 5.2.0
-- https://www.phpmyadmin.net/
--
-- Máy chủ: 127.0.0.1
-- Thời gian đã tạo: Th6 17, 2022 lúc 04:07 PM
-- Phiên bản máy phục vụ: 10.4.24-MariaDB
-- Phiên bản PHP: 8.0.19

SET SQL_MODE = "NO_AUTO_VALUE_ON_ZERO";
START TRANSACTION;
SET time_zone = "+00:00";


/*!40101 SET @OLD_CHARACTER_SET_CLIENT=@@CHARACTER_SET_CLIENT */;
/*!40101 SET @OLD_CHARACTER_SET_RESULTS=@@CHARACTER_SET_RESULTS */;
/*!40101 SET @OLD_COLLATION_CONNECTION=@@COLLATION_CONNECTION */;
/*!40101 SET NAMES utf8mb4 */;

--
-- Cơ sở dữ liệu: `doan_clock`
--

-- --------------------------------------------------------

--
-- Cấu trúc bảng cho bảng `chitietdonhang`
--

CREATE TABLE `chitietdonhang` (
  `ID_giohang` int(11) NOT NULL,
  `ID_sanpham` int(11) NOT NULL,
  `tensanpham` varchar(233) NOT NULL,
  `anhgoc` varchar(233) NOT NULL,
  `gia` int(11) NOT NULL,
  `soluong` int(11) NOT NULL
) ENGINE=InnoDB DEFAULT CHARSET=utf16;

--
-- Đang đổ dữ liệu cho bảng `chitietdonhang`
--

INSERT INTO `chitietdonhang` (`ID_giohang`, `ID_sanpham`, `tensanpham`, `anhgoc`, `gia`, `soluong`) VALUES
(9424, 56, 'Đồng hồ Diamond D DM36505IG', '1205845990_Untitled-53.jpg', 4540000, 2),
(5077, 62, 'Đồng hồ Diamond D DM36285IG', '99058577_2137366951_dmdk2.jpg', 5300000, 2),
(7096, 64, 'ĐỒNG HỒ PHILIPPE AUGUSTE PA-555.1', '72429618_1034985426_donghokimnguu2.jpg', 18999000, 1),
(4695, 69, 'Đồng hồ Philippe Auguste PA5008H', '180278684_DONG-HO-CHINH-HANG-6.jpg', 13590000, 1),
(4695, 56, 'Đồng hồ Diamond D DM36505IG', '1205845990_Untitled-53.jpg', 4540000, 2),
(3232, 85, 'Apple Watch Series 7 LTE 45mm', 'vi-vn-apple-watch-s7-lte-45mm-vien-nhom-1.jpg', 15000000, 2),
(2988, 77, 'Đồng hồ Jacques Lemans JL-11-1654.2ZD', '1029919314_dong-ho-chinh-hang-phien-ban-gioi-han.jpg', 7500000, 1),
(2988, 59, 'Đồng hồ Diamond D DM38445', '1518979133_đồng hồ nữ.jpg', 4540000, 2),
(2065, 81, 'Đồng hồ Jacques Lemans JL-1-1654.2ZB', '1709591781_dong-ho-chihh-hang-15.jpg', 5280000, 2),
(1344, 83, 'Đồng hồ Jacques Lemans JL-42-3E', '1287337607_j13.jpg', 7290000, 1),
(1344, 59, 'Đồng hồ Diamond D DM38445', '1518979133_đồng hồ nữ.jpg', 4540000, 2),
(4794, 61, 'Đồng hồ Diamond D DM5308B5IG', '183392423_Untitled-51.jpg', 5500000, 1),
(4794, 60, 'Đồng hồ Diamond D DM64205IG-B', '5643108_donghonu20.jpg', 5540000, 1),
(9899, 62, 'Đồng hồ Diamond D DM36285IG', '99058577_2137366951_dmdk2.jpg', 5300000, 1),
(9899, 64, 'ĐỒNG HỒ PHILIPPE AUGUSTE PA-555.1', '72429618_1034985426_donghokimnguu2.jpg', 18999000, 1),
(6806, 69, 'Đồng hồ Philippe Auguste PA5008H', '180278684_DONG-HO-CHINH-HANG-6.jpg', 13590000, 1),
(6806, 84, 'Apple Watch SE 40mm viền nhôm dây silicone ', 'se-40mm-vien-nhom-day-cao-su-hong-080221-0348059.jpg', 8900000, 1),
(5924, 60, 'Đồng hồ Diamond D DM64205IG-B', '5643108_donghonu20.jpg', 5540000, 1),
(1449, 84, 'Apple Watch SE 40mm viền nhôm dây silicone ', 'se-40mm-vien-nhom-day-cao-su-hong-080221-0348059.jpg', 8900000, 1),
(8791, 85, 'Apple Watch Series 7 LTE 45mm', 'vi-vn-apple-watch-s7-lte-45mm-vien-nhom-1.jpg', 15000000, 1),
(9339, 58, 'Đồng hồ Diamond D DM38445IG', '95050534_donghonu10.jpg', 4540000, 1),
(7546, 85, 'Apple Watch Series 7 LTE 45mm', 'vi-vn-apple-watch-s7-lte-45mm-vien-nhom-1.jpg', 15000000, 4),
(2298, 84, 'Apple Watch SE 40mm viền nhôm dây silicone ', 'se-40mm-vien-nhom-day-cao-su-hong-080221-0348059.jpg', 8900000, 2),
(1453, 67, 'Đồng hồ Philippe Auguste PA5001C', '1494321812_dong-ho-nhap-khau3.jpg', 11359000, 1),
(7487, 69, 'Đồng hồ Philippe Auguste PA5008H', '180278684_DONG-HO-CHINH-HANG-6.jpg', 13590000, 2),
(7431, 68, 'Đồng hồ Philippe Auguste PA5003C', '149517362_DONG-HO-CHINH-HANG-2.jpg', 12000000, 1),
(7431, 70, ' Đồng hồ Citizen CT-NH8350-08A', '1198992371_114954084_đồng-hồ-đăng-quang32.jpg', 4990000, 1),
(3552, 73, 'Đồng hồ Citizen CT-NH8360-80J', '332755139_donghonhat7.jpg', 5779000, 1),
(3552, 84, 'Apple Watch SE 40mm viền nhôm dây silicone ', 'se-40mm-vien-nhom-day-cao-su-hong-080221-0348059.jpg', 8900000, 1),
(1485, 90, 'Samsung Galaxy Watch 4 LTE Classic 46mm', 'samsung-galaxy-watch-4-lte-classic-46mm1-org.jpg', 7500000, 1),
(1485, 91, 'Samsung Galaxy Watch Active 2 44mm viền thép dây da', 'samsung-galaxy-watch-active-2-44-mm-day-da-den-6-org.jpg', 11359000, 1),
(6606, 88, 'Samsung Galaxy Watch 4 44mm Bạc', 'samsung-galaxy-watch-4-44mm-bac-2-org.jpg', 5990000, 1),
(8675, 89, 'Samsung Galaxy Watch 4 Classic 46mm Bạc', 'samsung-galaxy-watch-4-classic-46mm-6-1.jpg', 5990000, 1),
(3825, 90, 'Samsung Galaxy Watch 4 LTE Classic 46mm', 'samsung-galaxy-watch-4-lte-classic-46mm1-org.jpg', 7500000, 1),
(9214, 91, 'Samsung Galaxy Watch Active 2 44mm viền thép dây da', 'samsung-galaxy-watch-active-2-44-mm-day-da-den-6-org.jpg', 11359000, 2),
(7091, 85, 'Apple Watch Series 7 LTE 45mm', 'vi-vn-apple-watch-s7-lte-45mm-vien-nhom-1.jpg', 15000000, 2),
(5846, 85, 'Apple Watch Series 7 LTE 45mm', 'vi-vn-apple-watch-s7-lte-45mm-vien-nhom-1.jpg', 15000000, 1),
(6349, 86, 'Apple Watch Series 7 GPS 41mm', 'vi-vn-apple-watch-s7-41mm-1.jpg', 9660000, 1),
(4971, 64, 'ĐỒNG HỒ PHILIPPE AUGUSTE PA-555.1', '72429618_1034985426_donghokimnguu2.jpg', 18999000, 1),
(4347, 61, 'Đồng hồ Diamond D DM5308B5IG', '183392423_Untitled-51.jpg', 5500000, 1),
(3446, 65, 'ĐỒNG HỒ PHILIPPE AUGUSTE PA-555.2', '1359612914_donghokimnguu.jpg', 19999000, 2),
(3490, 69, 'Đồng hồ Philippe Auguste PA5008H', '180278684_DONG-HO-CHINH-HANG-6.jpg', 13590000, 1),
(5160, 66, 'Đồng hồ Philippe Auguste PA5001B', '202451360_dong-ho-nhap-khau2.jpg', 9640000, 2),
(5160, 90, 'Samsung Galaxy Watch 4 LTE Classic 46mm', 'samsung-galaxy-watch-4-lte-classic-46mm1-org.jpg', 7500000, 1),
(3189, 71, ' Đồng hồ Citizen CT-BE9174-55E', '1809135470_đồng-hồ-đăng-quang42.jpg', 4190000, 2),
(9931, 85, 'Apple Watch Series 7 LTE 45mm', 'vi-vn-apple-watch-s7-lte-45mm-vien-nhom-1.jpg', 15000000, 1),
(9931, 84, 'Apple Watch SE 40mm viền nhôm dây silicone ', 'se-40mm-vien-nhom-day-cao-su-hong-080221-0348059.jpg', 8900000, 2),
(3496, 62, 'Đồng hồ Diamond D DM36285IG', '99058577_2137366951_dmdk2.jpg', 5300000, 1),
(7412, 86, 'Apple Watch Series 7 GPS 41mm', 'vi-vn-apple-watch-s7-41mm-1.jpg', 9660000, 1),
(6801, 60, 'Đồng hồ Diamond D DM64205IG-B', '5643108_donghonu20.jpg', 5540000, 1),
(8788, 75, ' Đồng hồ Citizen CT-BF2003-84P', '935356074_donghonhat31.jpg', 4540000, 1),
(7123, 61, 'Đồng hồ Diamond D DM5308B5IG', '183392423_Untitled-51.jpg', 5500000, 1),
(9152, 72, 'Đồng hồ Citizen CT-BI1050-56A', '1444786144_DONG-HO-CHINH-HANG-9.jpg', 2190000, 1),
(4019, 78, 'Đồng hồ Jacques Lemans JL-11-1654.2ZH', '974268866_donghophienbangioihan2.jpg', 7500000, 2),
(4019, 59, 'Đồng hồ Diamond D DM38445', '1518979133_đồng hồ nữ.jpg', 4540000, 1),
(9988, 87, 'Apple Watch Series 7 GPS 45mm', 'vi-vn-apple-watch-s7-41mm-1.jpg', 11359000, 2),
(9988, 70, ' Đồng hồ Citizen CT-NH8350-08A', '1198992371_114954084_đồng-hồ-đăng-quang32.jpg', 4990000, 1),
(3584, 87, 'Apple Watch Series 7 GPS 45mm', 'vi-vn-apple-watch-s7-41mm-1.jpg', 11359000, 2),
(2824, 70, ' Đồng hồ Citizen CT-NH8350-08A', '1198992371_114954084_đồng-hồ-đăng-quang32.jpg', 4990000, 2),
(9338, 84, 'Apple Watch SE 40mm viền nhôm dây silicone ', 'se-40mm-vien-nhom-day-cao-su-hong-080221-0348059.jpg', 8900000, 1),
(9483, 91, 'Samsung Galaxy Watch Active 2 44mm viền thép dây da', 'samsung-galaxy-watch-active-2-44-mm-day-da-den-6-org.jpg', 11359000, 1),
(5660, 70, ' Đồng hồ Citizen CT-NH8350-08A', '1198992371_114954084_đồng-hồ-đăng-quang32.jpg', 4990000, 1),
(3453, 89, 'Samsung Galaxy Watch 4 Classic 46mm Bạc', 'samsung-galaxy-watch-4-classic-46mm-6-1.jpg', 5990000, 1);

-- --------------------------------------------------------

--
-- Cấu trúc bảng cho bảng `giohang`
--

CREATE TABLE `giohang` (
  `ID` int(11) NOT NULL,
  `hoten` varchar(233) NOT NULL,
  `sdt` int(15) NOT NULL,
  `diachi` varchar(233) NOT NULL,
  `thoigiandat` date NOT NULL,
  `tong` int(15) NOT NULL,
  `ID_nhanvien` int(11) DEFAULT NULL,
  `thanhtoan` varchar(233) NOT NULL,
  `phuongthuc` varchar(255) NOT NULL
) ENGINE=InnoDB DEFAULT CHARSET=utf16;

--
-- Đang đổ dữ liệu cho bảng `giohang`
--

INSERT INTO `giohang` (`ID`, `hoten`, `sdt`, `diachi`, `thoigiandat`, `tong`, `ID_nhanvien`, `thanhtoan`, `phuongthuc`) VALUES
(1344, 'Hai Quảng', 37913676, '80 Lê Hữu Thắng, Đà Nẵng', '2021-01-09', 16370000, NULL, 'Chưa thanh toán', 'Tiền mặt'),
(1449, 'Ngọc Lan', 34674691, '1 Hoàng Quốc Việt, Hà Nội', '2021-01-09', 8900000, NULL, 'Chưa thanh toán', 'Tiền mặt'),
(1453, 'Thị Linh', 9836186, '31 Tây Hồ, Hà Nội', '2021-02-09', 11359000, NULL, 'Đã thanh toán online', 'Đã thanh toán online'),
(1485, 'Văn Đạt ', 34687673, 'Bưu Điện Thành Phố Ninh Thuận, Ninh Thuận', '2021-02-16', 18859000, NULL, 'Đã thanh toán online', 'Đã thanh toán online'),
(2065, 'Trần Hoàng', 348451348, '35 Hà Đông , Hà Nội', '2021-03-09', 10560000, NULL, 'Chưa thanh toán', 'Tiền mặt'),
(2298, 'Khánh Linh', 31475753, '78 Ô Chợ Dừa, Hà Nội', '2021-03-09', 17800000, NULL, 'Đã thanh toán online', 'Đã thanh toán online'),
(2824, 'Thiên Bảo', 34687897, 'Số 312 Cách Mạng Tháng 8, P.2, Tx. Tây Ninh', '2021-04-16', 9980000, NULL, 'Chưa thanh toán', 'Tiền mặt'),
(2988, 'Trần Nghĩa', 37913316, 'Q.6, Hồ Chí Minh', '2021-04-09', 16580000, NULL, 'Đã thanh toán', 'Tiền mặt'),
(3189, 'Gia Khang', 346847778, 'Số 12 Trần Hưng Đạo, P. Tân Phú, TX. Đồng Xoài, T. Bình Phước', '2021-05-16', 8380000, NULL, 'Chưa thanh toán', 'Tiền mặt'),
(3232, 'Lưu Ly', 368413974, '3 Ba Đình, Hà Nội', '2021-05-09', 30000000, NULL, 'Đã thanh toán online', 'Đã thanh toán online'),
(3446, 'Dạ Thi', 92178625, 'Số 40 Nguyễn Trãi, P. Trần Phú, TP. Quy Nhơn, T. Bến Tre', '2021-05-16', 39998000, NULL, 'Đã thanh toán', 'Tiền mặt'),
(3453, 'Cát Tường', 379132816, 'Số 15 Trần Cao Vân, Thành phố Huế, Tỉnh Thừa Thiên Huế', '2021-05-16', 5990000, NULL, 'Chưa thanh toán', 'Tiền mặt'),
(3490, 'Hoài An', 80317371, 'Số 40 Nguyễn Trãi, P. Trần Phú, TP. Quy Nhơn, T. Bến Tre', '2021-07-16', 13590000, NULL, 'Đã thanh toán online', 'Đã thanh toán online'),
(3496, 'Ngọc Lâm', 316764776, 'Trần Hưng Đạo, tp. Hòa Bình, Hòa Bình', '2021-07-16', 5300000, NULL, 'Chưa thanh toán', 'Tiền mặt'),
(3552, 'Dương Ngọc Anh', 346871647, 'Phố đi bộ Nguyễn Huệ, Hồ Chí Minh', '2021-08-09', 14679000, NULL, 'Đã thanh toán online', 'Đã thanh toán online'),
(3584, 'Thanh Tâm', 32675173, 'Phường Hồng Hà, TP.Hạ Long, Quảng Ninh', '2021-08-16', 22718000, NULL, 'Đã thanh toán online', 'Đã thanh toán online'),
(3825, 'Cẩm Vân', 346897469, '35 Phúc Lợi, Hà Nội', '2021-08-16', 7500000, NULL, 'Chưa thanh toán', 'Tiền mặt'),
(4019, 'Kim Khánh', 369871456, 'Số 7, Trường Thi, Tp Vinh, Nghệ An', '2021-09-16', 19540000, NULL, 'Đã thanh toán', 'Tiền mặt'),
(4347, 'Thanh Tâm', 82971671, 'Phường Phú Khương, TP. Bến Tre, T. Bến Tre', '2021-10-16', 5500000, NULL, 'Đã thanh toán', 'Tiền mặt'),
(4695, 'Trần Quyền', 379134436, '60 Hữu Tình, Ninh Thuận', '2021-10-09', 22670000, NULL, 'Đã thanh toán', 'Tiền mặt'),
(4794, 'Hoàng Tùng', 379134436, '3 Đồng Xoài, Hà Nội', '2021-10-09', 11040000, NULL, 'Đã thanh toán online', 'Đã thanh toán online'),
(4971, 'Chi Lan', 98726172, 'Số 18 Lê Hồng Phong, P. Ba Đình, TP Thanh Hóa', '2021-10-16', 18999000, NULL, 'Đã thanh toán', 'Tiền mặt'),
(5077, 'Đạt', 32664614, '6 Tôn Hữu Thắng, Hồ Chí Minh', '2021-11-09', 10600000, NULL, 'Đã thanh toán', 'Tiền mặt'),
(5160, 'Tú Anh', 97162729, 'Số 262 Quang Trung, Phường 5, Thành phố Cà Mau, Cà Mau', '2021-11-16', 26780000, NULL, 'Đã thanh toán online', 'Đã thanh toán online'),
(5660, 'Lan Anh', 348452129, 'Sơn Đông, Hà Nội', '2021-12-16', 4990000, NULL, 'Chưa thanh toán', 'Tiền mặt'),
(5846, 'Thiên Hương', 98762781, 'Số 02 Lê Đại Hành, P. Minh Khai, Q. Hồng Bàng, Tp. HP', '2021-12-16', 15000000, NULL, 'Đã thanh toán online', 'Đã thanh toán online'),
(5924, 'Nguyễn Đặng Nam', 348454947, 'Cát Linh, Hà Nội', '2021-12-09', 5540000, NULL, 'Đã thanh toán', 'Tiền mặt'),
(6349, 'Vân Khánh', 346878744, 'Số 80 Lê Lợi - Thành phố Đà Nẵng', '2021-12-16', 9660000, NULL, 'Chưa thanh toán', 'Tiền mặt'),
(6606, 'Hải Tú', 326976466, '1 Đống Đa, Hà Nội', '2022-01-16', 5990000, NULL, 'Đã thanh toán', 'Tiền mặt'),
(6801, 'Thuận Bách', 346878123, 'Tổ 16, P. Đông Phong, TP. Lai Châu', '2022-01-16', 5540000, NULL, 'Đã thanh toán online', 'Đã thanh toán online'),
(6806, 'Ngọc Linh', 346813791, '80 Thành Phố Đà Nẵng, Đà Nẵng', '2022-01-09', 22490000, NULL, 'Đã thanh toán online', 'Đã thanh toán online'),
(7091, 'Ngọc Diệp', 359794723, 'Số 85-87 Trần Hưng Đạo, Hoàn Kiếm, TP. Hà Nội', '2022-02-16', 30000000, NULL, 'Đã thanh toán', 'Tiền mặt'),
(7096, 'Minh', 31459787, '80 Lê Trọng Tấn, Đà Nẵng', '2022-02-09', 18999000, NULL, 'Đã thanh toán', 'Tiền mặt'),
(7123, 'Ngọc Khánh', 346873798, 'Hải Thượng Lãn Ông, Hiến Nam, Hưng Yên', '2022-02-16', 5500000, NULL, 'Chưa thanh toán', 'Tiền mặt'),
(7412, 'Hoàng Bách', 316797941, 'Số 80 Trần Phú, P. Lộc Thọ, TP. Nha Trang, Khánh Hòa', '2022-03-16', 9660000, NULL, 'Đã thanh toán online', 'Đã thanh toán online'),
(7431, 'Thân Thành Đạt', 349796587, '29 Ngã Tư Sở, Hà Nội', '2022-03-09', 16990000, NULL, 'Đã thanh toán online', 'Đã thanh toán online'),
(7487, 'Triệu Quân', 83819372, 'Q.2, Thành Phố Hồ Chí Minh', '2022-03-09', 27180000, NULL, 'Đã thanh toán online', 'Đã thanh toán online'),
(7546, 'Hoàng Anh', 36479999, '6 Đội Cấn, Hà Nội', '2022-03-09', 60000000, NULL, 'Đã thanh toán online', 'Đã thanh toán online'),
(8675, 'Minh Nhật', 348944871, '80 Lê Trọng Tấn, Hà Nội', '2022-04-16', 5990000, NULL, 'Đã thanh toán', 'Tiền mặt'),
(8788, 'Gia Bảo', 131073372, '10 Trần Bình Trọng , F5, Phường 5, Thành phố Đà Lạt, Tỉnh Lâm Đồng', '2022-04-16', 4540000, NULL, 'Chưa thanh toán', 'Tiền mặt'),
(8791, 'Nguyễn Thuỳ', 9712681, 'Bưu Điện Thành Phố Hải Phòng, Hải Phòng', '2022-04-09', 15000000, NULL, 'Chưa thanh toán', 'Tiền mặt'),
(9152, 'Tùng Sơn ', 348453893, 'Số 76 Châu Văn Giác, P.4, TP. Long An', '2022-04-16', 2190000, NULL, 'Chưa thanh toán', 'Tiền mặt'),
(9214, 'Nguyễn Thuỳ Lan', 379134499, 'Sơn Tây, Hà Nội', '2022-01-16', 22718000, NULL, 'Chưa thanh toán', 'Tiền mặt'),
(9338, 'Minh Trần ', 379134436, '6 Tôn Hữu Thắng, Hồ Chí Minh', '2022-02-16', 8900000, NULL, 'Chưa thanh toán', 'Tiền mặt'),
(9339, 'Hoàng Linh', 346878244, '6 Hoành Bồ, Quảng Ninh', '2022-05-09', 4540000, NULL, 'Đã thanh toán online', 'Đã thanh toán online'),
(9424, 'Sơn', 346878123, '35 Lê Đức Thọ, Hà Nội', '2022-05-09', 9080000, NULL, 'Đã thanh toán', 'Tiền mặt'),
(9483, 'Hải Đăng ', 37913401, 'Bưu Điện Thành Phố Hải Phòng, Hải Phòng', '2022-05-16', 11359000, NULL, 'Chưa thanh toán', 'Tiền mặt'),
(9899, 'Sơn Tùng', 348413497, 'Thành Phố Hà Nam, Hà Nam', '2022-04-09', 24299000, NULL, 'Đã thanh toán online', 'Đã thanh toán online'),
(9931, 'Nhật Anh', 31676554, 'Đường 23/3 Phường Nghĩa Thành, Thị xã Gia Nghĩa, Đắk Nông', '2022-06-16', 32800000, NULL, 'Đã thanh toán', 'Tiền mặt'),
(9988, 'Đại Ngọc', 32474123, 'Số 2 Nguyễn Thị Minh Khai, TP Đồng Hới, Tỉnh Quảng Bình', '2022-06-16', 27708000, NULL, 'Đã thanh toán online', 'Đã thanh toán online');

-- --------------------------------------------------------

--
-- Cấu trúc bảng cho bảng `hang`
--

CREATE TABLE `hang` (
  `ID_hang` int(10) NOT NULL,
  `tenhang` varchar(255) NOT NULL
) ENGINE=InnoDB DEFAULT CHARSET=utf8;

--
-- Đang đổ dữ liệu cho bảng `hang`
--

INSERT INTO `hang` (`ID_hang`, `tenhang`) VALUES
(3, 'Đồng hồ Diamond D'),
(4, 'Đồng hồ Philippe Auguste'),
(5, 'Đồng hồ Citizen'),
(6, 'Đồng hồ Jacques Lemans'),
(7, 'Đồng hồ Apple'),
(8, 'Đồng hồ Samsung');

-- --------------------------------------------------------

--
-- Cấu trúc bảng cho bảng `lienhe`
--

CREATE TABLE `lienhe` (
  `ID` int(11) NOT NULL,
  `hoten` varchar(233) NOT NULL,
  `email` varchar(233) NOT NULL,
  `sdt` int(15) NOT NULL,
  `noidung` varchar(233) NOT NULL
) ENGINE=InnoDB DEFAULT CHARSET=utf16;

--
-- Đang đổ dữ liệu cho bảng `lienhe`
--

INSERT INTO `lienhe` (`ID`, `hoten`, `email`, `sdt`, `noidung`) VALUES
(1, 'heyu', 'Vluong886@gmail.com', 123456789, 'fgnfgn');

-- --------------------------------------------------------

--
-- Cấu trúc bảng cho bảng `login_nhanvien`
--

CREATE TABLE `login_nhanvien` (
  `ID` int(11) NOT NULL,
  `hoten` varchar(233) NOT NULL,
  `taikhoan` varchar(233) NOT NULL,
  `matkhau` varchar(233) NOT NULL
) ENGINE=InnoDB DEFAULT CHARSET=utf16;

--
-- Đang đổ dữ liệu cho bảng `login_nhanvien`
--

INSERT INTO `login_nhanvien` (`ID`, `hoten`, `taikhoan`, `matkhau`) VALUES
(391, 'Nguyễn Công Minh', 'minh', '123456789'),
(921, 'Lương Ngọc Vinh', 'vinh', '123456789');

-- --------------------------------------------------------

--
-- Cấu trúc bảng cho bảng `nhanvien`
--

CREATE TABLE `nhanvien` (
  `ID` int(11) NOT NULL,
  `hoten` varchar(233) NOT NULL,
  `sdt` int(15) NOT NULL,
  `diachi` varchar(233) NOT NULL,
  `email` varchar(233) NOT NULL,
  `anh` varchar(500) NOT NULL,
  `date` date NOT NULL,
  `sex` tinyint(1) NOT NULL,
  `chucvu` varchar(500) NOT NULL
) ENGINE=InnoDB DEFAULT CHARSET=utf16;

--
-- Đang đổ dữ liệu cho bảng `nhanvien`
--

INSERT INTO `nhanvien` (`ID`, `hoten`, `sdt`, `diachi`, `email`, `anh`, `date`, `sex`, `chucvu`) VALUES
(391, 'Nguyễn Công Minh', 123456789, 'Ngõ 50 Nguyễn Khoái', 'l72.info@gmail.com', '134896665_232536398445112_7979820188107662484_n.jpg', '2022-02-09', 1, 'truong chi nhanh'),
(921, 'Lương Ngọc Vinh', 123456789, 'Ngõ 50 Nguyễn Khoái', 'Vluong886@gmail.com', '130090955_2680784998899713_1783525930978126860_n.jpg', '2001-07-13', 1, 'truong chi nhanh');

-- --------------------------------------------------------

--
-- Cấu trúc bảng cho bảng `review`
--

CREATE TABLE `review` (
  `ID` int(11) NOT NULL,
  `hoten` varchar(233) NOT NULL,
  `star` int(11) NOT NULL,
  `nhanxet` varchar(233) NOT NULL
) ENGINE=InnoDB DEFAULT CHARSET=utf16;

-- --------------------------------------------------------

--
-- Cấu trúc bảng cho bảng `sanpham`
--

CREATE TABLE `sanpham` (
  `ID` int(11) NOT NULL,
  `tensanpham` varchar(233) NOT NULL,
  `giamoi` int(20) NOT NULL,
  `giacu` int(20) NOT NULL,
  `soluong` int(11) NOT NULL,
  `anhgoc` varchar(233) NOT NULL,
  `anh1` varchar(233) NOT NULL,
  `anh2` varchar(233) NOT NULL,
  `anh3` varchar(233) NOT NULL,
  `anh4` varchar(233) NOT NULL,
  `ID_hang` int(10) NOT NULL,
  `theloai` varchar(233) NOT NULL,
  `mota` varchar(10000) NOT NULL,
  `duongkinh` varchar(255) NOT NULL,
  `chongnuoc` varchar(255) NOT NULL,
  `chatlieu` varchar(255) NOT NULL,
  `nangluong` varchar(255) NOT NULL,
  `size` varchar(255) NOT NULL,
  `chatlieuday` varchar(255) NOT NULL,
  `chatlieuvo` varchar(255) NOT NULL,
  `kieudang` varchar(255) NOT NULL,
  `xuatxu` varchar(255) NOT NULL,
  `baohanh` varchar(255) NOT NULL
) ENGINE=InnoDB DEFAULT CHARSET=utf16;

--
-- Đang đổ dữ liệu cho bảng `sanpham`
--

INSERT INTO `sanpham` (`ID`, `tensanpham`, `giamoi`, `giacu`, `soluong`, `anhgoc`, `anh1`, `anh2`, `anh3`, `anh4`, `ID_hang`, `theloai`, `mota`, `duongkinh`, `chongnuoc`, `chatlieu`, `nangluong`, `size`, `chatlieuday`, `chatlieuvo`, `kieudang`, `xuatxu`, `baohanh`) VALUES
(56, 'Đồng hồ Diamond D DM36505IG', 4540000, 4940000, 500, '1205845990_Untitled-53.jpg', '1319636476_DONG-HO-CHINH-HANG-5.jpg', '1574847530_donghothoitrang10.jpg', '', '', 3, 'dong ho co', '<p><strong>Thương hiệu:&nbsp;<a href=\"http://www.dangquangwatch.vn/sp/Dong-ho-Diamond-D/557-0-0-0-0-0-0.html\">Đồng hồ nữ Diamond D</a></strong></p>\r\n\r\n<p><strong>Kiểu d&aacute;ng:&nbsp;<a href=\"http://www.dangquangwatch.vn/sp/t-2/Dong-ho-nu.html\">Đồng hồ nữ</a></strong></p>\r\n\r\n<p><strong>Năng lượng:&nbsp;Quartz</strong></p>\r\n\r\n<p><strong>Chất liệu vỏ:&nbsp;Hợp kim mạ PVD , đ&iacute;nh đ&aacute; swarovsky</strong></p>\r\n\r\n<p><strong>Chất liệu d&acirc;y:&nbsp;Hợp kim mạ PVD</strong></p>\r\n\r\n<p><strong>Mặt k&iacute;nh:&nbsp;Sapphire ( K&iacute;nh chống trầy )<br />\r\n<br />\r\nK&iacute;ch thước : 24mm<br />\r\n<br />\r\nChống nước : 3 ATM</strong></p>\r\n\r\n<p><strong>Bảo h&agrave;nh: 10 năm về m&aacute;y v&agrave; đ&aacute; , 2 năm về pin</strong></p>\r\n\r\n<p><strong>Thương hiệu:&nbsp;Anh&nbsp;</strong></p>\r\n\r\n<p><strong>M&aacute;y:&nbsp;Japan Myota citizen Quartz</strong></p>\r\n\r\n<p><strong>Gọi để được tư vấn v&agrave; đặt h&agrave;ng: 098.668.1189</strong></p>\r\n\r\n<p><strong><img alt=\"DM36505IG\" src=\"https://www.dangquangwatch.vn/lib/ckfinder/images/DM36505IG%20%203_575_000%20web.jpg\" /></strong></p>\r\n', ' 24mm', ' 3ATM', ' Kính sapphire', 'Quartz/Pin', ' 12mm', ' Hợp kim mạ PVD', 'Hợp kim mạ PVD , đính đá swarovsky', ' Đồng hồ Nữ', ' China', ' Bảo hành quốc tế 10 năm'),
(57, 'Đồng hồ Diamond D DM63055', 3580000, 3980000, 500, '700436709_DONG-HO-CHINH-HANG-10.jpg', '1874911582_dong-ho-diamond-d-DM63055.jpg', '', '', '', 3, 'dong ho co', '<p><strong>Thương hiệu:&nbsp;<a href=\"http://www.dangquangwatch.vn/sp/Dong-ho-Diamond-D/557-0-0-0-0-0-0.html\">Đồng hồ nữ Diamond D</a></strong></p>\r\n\r\n<p><strong>Kiểu d&aacute;ng:&nbsp;<a href=\"http://www.dangquangwatch.vn/sp/t-2/Dong-ho-nu.html\">Đồng hồ nữ</a></strong></p>\r\n\r\n<p><strong>M&aacute;y:&nbsp;Japan Myota citizen&nbsp;Quartz</strong></p>\r\n\r\n<p><strong>Năng lượng:&nbsp;Quartz</strong></p>\r\n\r\n<p><strong>Chất liệu vỏ:&nbsp;Hợp kim , đ&iacute;nh đ&aacute; swarovsky</strong></p>\r\n\r\n<p><strong>Chất liệu d&acirc;y:&nbsp;Hợp kim</strong></p>\r\n\r\n<p><strong>Mặt k&iacute;nh:&nbsp;Sapphire ( K&iacute;nh chống trầy )</strong></p>\r\n\r\n<p><strong>K&iacute;ch thước: 28 mm</strong></p>\r\n\r\n<p><strong>Chống nước:&nbsp;3 ATM</strong></p>\r\n\r\n<p><strong>Bảo h&agrave;nh:&nbsp;10 năm về m&aacute;y v&agrave; đ&aacute; , 2 năm về pin&nbsp;</strong></p>\r\n\r\n<p><strong>Thương hiệu:&nbsp;Anh&nbsp;</strong></p>\r\n\r\n<p><strong>Gọi để được tư vấn v&agrave; đặt h&agrave;ng: 098.668.1189</strong></p>\r\n', ' 28mm', ' 3ATM', ' Kính sapphire', 'Quartz/Pin', ' 12mm', ' Hợp kim mạ PVD', ' Hợp kim , đính đá swarovsky', ' Đồng hồ Nữ', ' China', ' Bảo hành quốc tế 10 năm'),
(58, 'Đồng hồ Diamond D DM38445IG', 4540000, 4940000, 500, '95050534_donghonu10.jpg', '130545885_donghothoitrang6.jpg', '281480432_Untitled-63.jpg', '331971811_Untitled-7.jpg', '', 3, 'dong ho co', '<p><strong>Thương hiệu:&nbsp;<a href=\"http://www.dangquangwatch.vn/sp/Dong-ho-Diamond-D/557-0-0-0-0-0-0.html\">Đồng hồ nữ Diamond D</a></strong></p>\r\n\r\n<p><strong>Kiểu d&aacute;ng:&nbsp;<a href=\"http://www.dangquangwatch.vn/sp/t-2/Dong-ho-nu.html\">Đồng hồ nữ</a></strong></p>\r\n\r\n<p><strong>M&aacute;y:&nbsp;Quartz</strong></p>\r\n\r\n<p><strong>Chất liệu vỏ:&nbsp;Hợp kim mạ PVD , đ&iacute;nh đ&aacute; swarovsky</strong></p>\r\n\r\n<p><strong>Chất liệu d&acirc;y:&nbsp;Hợp kim mạ PVD&nbsp;</strong></p>\r\n\r\n<p><strong>Mặt k&iacute;nh:&nbsp;Sapphire ( K&iacute;nh chống trầy )</strong></p>\r\n\r\n<p><strong><strong>Đường k&iacute;nh mặt</strong>: 27 mm</strong></p>\r\n\r\n<p><strong>Chống nước : 3 ATM</strong></p>\r\n\r\n<p><strong>Thương hiệu:&nbsp;Anh&nbsp;<br />\r\n<br />\r\nBảo h&agrave;nh:&nbsp;10 năm về m&aacute;y v&agrave; đ&aacute; , 2 năm về pin</strong></p>\r\n\r\n<p><strong>M&aacute;y:&nbsp;Japan Myota citizen Quartz</strong></p>\r\n\r\n<p><strong>Gọi để được tư vấn v&agrave; đặt h&agrave;ng: 098.668.1189</strong></p>\r\n', ' 27mm', ' 3ATM', ' Kính sapphire', 'Quartz/Pin', ' 12mm', ' Hợp kim mạ PVD', 'Hợp kim mạ PVD , đính đá swarovsky', ' Đồng hồ Nữ', ' China', ' Bảo hành quốc tế 10 năm'),
(59, 'Đồng hồ Diamond D DM38445', 4540000, 4940000, 500, '1518979133_đồng hồ nữ.jpg', '979764826_buomtr1.jpg', '1334090572_donghothoitrang7.jpg', '1733400181_Untitled-1.jpg', '1919500480_buomtr.jpg', 3, 'dong ho co', '<p><strong>DIAMOND D l&agrave; thương hiệu đồng hồ nữ thời trang đến từ Anh Quốc.</strong></p>\r\n\r\n<p><strong><img alt=\"\" src=\"https://www.dangquangwatch.vn/lib/ckfinder/images/dong%20ho%20nu%20thoi%20trang%20(4)(1).jpg\" /></strong></p>\r\n\r\n<p><strong>Mặt&nbsp;đ&iacute;nh đ&aacute; swarovsky lấp l&aacute;nh v&agrave; mặt ​ k&iacute;nh sử dụng chất liệu sapphire chống trầy xước.</strong></p>\r\n\r\n<p><strong><img alt=\"\" src=\"https://www.dangquangwatch.vn/lib/ckfinder/images/dong%20ho%20nu%20thoi%20trang%20(1)(1).jpg\" /></strong></p>\r\n\r\n<p><strong>Vỏ hợp kim mạ PVD s&aacute;ng b&oacute;ng.</strong></p>\r\n\r\n<p><strong><img alt=\"\" src=\"https://www.dangquangwatch.vn/lib/ckfinder/images/dong%20ho%20nu%20thoi%20trang%20(3)(1).jpg\" /></strong></p>\r\n\r\n<p><strong>Nắp sau d&aacute;n tem chống h&agrave;ng giả Đăng Quang Watch v&agrave; c&oacute; độ chịu nước 3ATM hạn chế tiếp x&uacute;c với nước.</strong></p>\r\n\r\n<p><strong><img alt=\"\" src=\"https://www.dangquangwatch.vn/lib/ckfinder/images/dong%20ho%20nu%20thoi%20trang%20(5)(1).jpg\" /></strong></p>\r\n\r\n<p><strong>Size 16 mm ph&ugrave; hợp với mọi cổ tay ph&aacute;i nữ.</strong></p>\r\n\r\n<p><strong><img alt=\"\" src=\"https://www.dangquangwatch.vn/lib/ckfinder/images/dong%20ho%20nu%20thoi%20trang%20(2)(1).jpg\" /></strong></p>\r\n\r\n<p><strong>Diamond D&nbsp;DM38445 tr&ecirc;n tay diễn vi&ecirc;n Pinky Bảo Tr&acirc;n.</strong></p>\r\n\r\n<p><strong><img alt=\"\" src=\"https://www.dangquangwatch.vn/lib/ckfinder/images/z3207488285671_bc6bbf3d64aa43c9a624b2d72a018436.jpg\" /></strong></p>\r\n\r\n<p><strong>Sự lựa chọn ho&agrave;n hảo cho ph&aacute;i đẹp.</strong></p>\r\n\r\n<p><strong><img alt=\"\" src=\"https://www.dangquangwatch.vn/lib/ckfinder/images/dong%20ho%20nu%20thoi%20trang%20(6).jpg\" /></strong></p>\r\n\r\n<p><strong>Đăng Quang Watch tự h&agrave;o l&agrave; nh&agrave; ph&acirc;n phối b&aacute;n lẻ đồng hồ&nbsp;lớn nhất Việt Nam.</strong></p>\r\n\r\n<p>&nbsp;</p>\r\n', ' 28mm', ' 3ATM', ' Kính sapphire', 'Quartz/Pin', ' 12mm', ' Hợp kim mạ PVD', 'Hợp kim mạ PVD , đính đá swarovsky', ' Đồng hồ Nữ', ' China', ' Bảo hành quốc tế 10 năm'),
(60, 'Đồng hồ Diamond D DM64205IG-B', 5540000, 5940000, 500, '5643108_donghonu20.jpg', '32657746_d2.jpg', '112665509_Untitled-57.jpg', '2033839736_dong-ho-chihh-hang-4.jpg', '2145748964_dong-ho-chihh-hang-7.jpg', 3, 'dong ho co', '<p><strong>Sự lựa chọn ho&agrave;n hảo d&agrave;nh cho ph&aacute;i đẹp.</strong></p>\r\n\r\n<p><strong><img alt=\"\" src=\"https://www.dangquangwatch.vn/lib/ckfinder/images/z3181102715809_af376800ee8dd8aec7a643ad216b9461.jpg\" /></strong></p>\r\n\r\n<p><strong>Ph&ugrave; hợp với mọi phong c&aacute;ch.</strong></p>\r\n\r\n<p><strong><img alt=\"\" src=\"https://www.dangquangwatch.vn/lib/ckfinder/images/z3230678895711_68b00a3bc7cd71546b2d63dcc95fcedd.jpg\" /></strong></p>\r\n\r\n<p><strong>Đăng Quang Watch tự h&agrave;o l&agrave; nh&agrave; ph&acirc;n phối b&aacute;n lẻ đồng hồ&nbsp;lớn nhất Việt Nam.</strong></p>\r\n', '33mm', ' 3ATM', ' Kính sapphire', 'Quartz/Pin', ' 12mm', ' Hợp kim mạ PVD', 'Hợp kim mạ PVD , đính đá swarovsky', ' Đồng hồ Nữ', ' China', ' Bảo hành quốc tế 10 năm'),
(61, 'Đồng hồ Diamond D DM5308B5IG', 5500000, 5000000, 500, '183392423_Untitled-51.jpg', '2127487811_dong-ho-diamond-d-DM5308B5IG.jpg', '2001779494_dong-ho-chihh-hang-3.jpg', '', '', 3, 'dong ho co', '<p><strong>Thương hiệu:&nbsp;<a href=\"http://www.dangquangwatch.vn/sp/Dong-ho-Diamond-D/557-0-0-0-0-0-0.html\">Đồng hồ nữ Diamond D</a></strong></p>\r\n\r\n<p><strong>Kiểu d&aacute;ng:&nbsp;<a href=\"http://www.dangquangwatch.vn/sp/t-2/Dong-ho-nu.html\">Đồng hồ nữ</a></strong></p>\r\n\r\n<p><strong>M&aacute;y:&nbsp;Quartz</strong></p>\r\n\r\n<p><strong>Chất liệu vỏ:&nbsp;Hợp kim mạ PVD , đ&iacute;nh đ&aacute; swarovsky</strong></p>\r\n\r\n<p><strong>Chất liệu d&acirc;y:&nbsp;Hợp kim mạ PVD , đ&iacute;nh đ&aacute; swarovsky</strong></p>\r\n\r\n<p><strong>Mặt k&iacute;nh:&nbsp;Sapphire ( K&iacute;nh chống trầy )</strong></p>\r\n\r\n<p><strong>K&iacute;ch thước:&nbsp;25 mm</strong></p>\r\n\r\n<p><strong>Chống nước:&nbsp;3 ATM</strong></p>\r\n\r\n<p><strong>Bảo h&agrave;nh:&nbsp;10 năm về m&aacute;y v&agrave; đ&aacute; , 2 năm về pin</strong></p>\r\n\r\n<p><strong>Thương hiệu:&nbsp;Anh&nbsp;</strong></p>\r\n\r\n<p><strong>M&aacute;y:&nbsp;Japan Myota citizen Quartz</strong></p>\r\n\r\n<p><strong>Gọi để được tư vấn v&agrave; đặt h&agrave;ng: 098.668.1189</strong></p>\r\n\r\n<p>&nbsp;</p>\r\n\r\n<p><strong><img alt=\"DM5308B5IG\" src=\"https://www.dangquangwatch.vn/lib/ckfinder/images/DM5308B5IG.jpg\" /></strong></p>\r\n\r\n<p>&nbsp;</p>\r\n\r\n<p><strong><img alt=\"DM5308B5IG\" src=\"https://www.dangquangwatch.vn/lib/ckfinder/images/%C4%90%E1%BB%93ng%20h%E1%BB%93%20Diamond%20D%20DM5308B5IG.jpg\" /></strong></p>\r\n', ' 28mm', ' 3ATM', ' Kính sapphire', 'Quartz/Pin', ' 12mm', ' Hợp kim mạ PVD', 'Hợp kim mạ PVD , đính đá swarovsky', ' Đồng hồ Nữ', ' China', ' Bảo hành quốc tế 10 năm'),
(62, 'Đồng hồ Diamond D DM36285IG', 5300000, 4800000, 500, '99058577_2137366951_dmdk2.jpg', '706272965_DONG-HO-CHINH-HANG-10.jpg', '739577763_dong-ho-diamond-d-DM36285IG (1).jpg', '787339597_donghothoitrang8.jpg', '1319658171_1908855868_dmdk3.jpg', 3, 'dong ho co', '<p><strong>DIAMOND D l&agrave; thương hiệu đồng hồ nữ thời trang đến từ Anh Quốc.</strong></p>\r\n\r\n<p><img alt=\"\" src=\"https://www.dangquangwatch.vn/lib/ckfinder/images/z2825880906725_5c1643669b30a9638fe57c1b6517f441.jpg\" /></p>\r\n\r\n<p><strong>Mặt&nbsp;đ&iacute;nh đ&aacute; swarovsky lấp l&aacute;nh v&agrave; mặt ​ k&iacute;nh sử dụng chất liệu sapphire chống trầy xước.</strong></p>\r\n\r\n<p><img alt=\"\" src=\"https://www.dangquangwatch.vn/lib/ckfinder/images/z2825880882667_a0daf598f45e1351b2d79bc7982c7af3.jpg\" /></p>\r\n\r\n<p><strong>Chất liệu vỏ hợp kim mạ PVD.</strong></p>\r\n\r\n<p><img alt=\"\" src=\"https://www.dangquangwatch.vn/lib/ckfinder/images/z2825880843194_6857626b240b41f103fddaec4a136d9c.jpg\" /></p>\r\n\r\n<p><strong>Sử dụng m&aacute;y pin v&agrave; độ chịu nước 3ATM hạn chế tiếp x&uacute;c với nước.</strong></p>\r\n\r\n<p><img alt=\"\" src=\"https://www.dangquangwatch.vn/lib/ckfinder/images/z2825880877962_bc97dc0283c2aabbb965c1874b3caff8.jpg\" /></p>\r\n\r\n<p><strong>Nắp sau c&oacute; d&aacute;n tem chống h&agrave;ng giả Đăng Quang Watch.</strong></p>\r\n\r\n<p><img alt=\"\" src=\"https://www.dangquangwatch.vn/lib/ckfinder/images/z2825880906698_6df236881c2e7d84f8029732c6cac8ff.jpg\" /></p>\r\n\r\n<p><strong>Đăng Quang Watch tự h&agrave;o l&agrave; nh&agrave; ph&acirc;n phối b&aacute;n lẻ đồng hồ&nbsp;lớn nhất Việt Nam.</strong></p>\r\n\r\n<p>&nbsp;</p>\r\n', ' 28mm', ' 3ATM', ' Kính sapphire', 'Quartz/Pin', ' 12mm', ' Hợp kim mạ PVD', 'Hợp kim mạ PVD , đính đá swarovsky', ' Đồng hồ Nữ', ' China', ' Bảo hành quốc tế 10 năm'),
(63, 'ĐỒNG HỒ PHILIPPE AUGUSTE PA2022', 12000000, 13000000, 500, '1661617237_dong-ho-ho20.jpg', '185720491_dong-ho-ho12.jpg', '882852762_dong-ho-ho21.jpg', '1791508155_dong-ho-ho13.jpg', '1055207721_dong-ho-ho24.jpg', 4, 'dong ho co', '<p><strong>Thương hiệu đồng hồ&nbsp; Philippe Auguste được nhập khẩu nguy&ecirc;n chiếc v&agrave; ph&acirc;n phối độc quyền tại Đăng Quang Watch.</strong></p>\r\n\r\n<p><img alt=\"\" src=\"https://www.dangquangwatch.vn/lib/ckfinder/images/dong%20ho%20ho%20phien%20ban%20gioi%20han%20(7).jpg\" /></p>\r\n\r\n<p><strong>Si&ecirc;u phẩm được trang tr&iacute; nổi bật với biểu tượng m&atilde;nh hổ linh vật của năm 2022 v&agrave; những người tuổi dần.Đem lại may mắn t&agrave;i lộc được xem l&agrave; biểu tượng của sức mạnh , quyền uy , sự thăng tiến.</strong></p>\r\n\r\n<p><img alt=\"\" src=\"https://www.dangquangwatch.vn/lib/ckfinder/images/dong%20ho%20ho%20phien%20ban%20gioi%20han%20(8).jpg\" /></p>\r\n\r\n<p><strong>Mặt k&iacute;nh sử dụng chất liệu sapphire chống trầy xước.</strong></p>\r\n\r\n<p><img alt=\"\" src=\"https://www.dangquangwatch.vn/lib/ckfinder/images/dong%20ho%20ho%20phien%20ban%20gioi%20han%20(4).jpg\" /></p>\r\n\r\n<p><strong>Chất liệu vỏ th&eacute;p kh&ocirc;ng gỉ 316L cao cấp mạ PVD.</strong></p>\r\n\r\n<p><img alt=\"\" src=\"https://www.dangquangwatch.vn/lib/ckfinder/images/dong%20ho%20ho%20phien%20ban%20gioi%20han%20(3).jpg\" /></p>\r\n\r\n<p><strong>Sử dụng m&aacute;y pin v&agrave; độ chịu nước 5 ATM đi mưa rửa tay nhẹ nh&agrave;ng.</strong></p>\r\n\r\n<p><img alt=\"\" src=\"https://www.dangquangwatch.vn/lib/ckfinder/images/dong%20ho%20ho%20phien%20ban%20gioi%20han%20(6).jpg\" /></p>\r\n\r\n<p><strong>Kh&oacute;a thường khắc logo thương hiệu tinh xảo.</strong></p>\r\n\r\n<p><img alt=\"\" src=\"https://www.dangquangwatch.vn/lib/ckfinder/images/dong%20ho%20ho%20phien%20ban%20gioi%20han%20(9).jpg\" /></p>\r\n\r\n<p><strong>D&acirc;y da ch&iacute;nh h&atilde;ng.</strong></p>\r\n\r\n<p><img alt=\"\" src=\"https://www.dangquangwatch.vn/lib/ckfinder/images/dong%20ho%20ho%20phien%20ban%20gioi%20han%20(1).jpg\" /></p>\r\n\r\n<p><strong>Cầu thủ Ho&agrave;ng<em><em><em>&nbsp;Đức&nbsp;</em></em></em>đeo Philippe Auguste phi&ecirc;n bản m&atilde;nh hổ cho 1 năm mới nhiều t&agrave;i lộc th&agrave;nh&nbsp;<em><em><em>c&ocirc;</em></em></em>ng v&agrave; may mắn.</strong></p>\r\n\r\n<p><img alt=\"\" src=\"https://www.dangquangwatch.vn/lib/ckfinder/images/Ho%C3%A0ng%20%C4%90%E1%BB%A9c%20%C4%91eo%20%C4%91%E1%BB%93ng%20h%E1%BB%93%20%C4%90%C4%83ng%20Quang%20Watch.jpg\" /></p>\r\n\r\n<p><strong>Lịch l&atilde;m v&agrave; đẳng cấp như cầu thủ B&ugrave;i Tiến Dũng.</strong></p>\r\n\r\n<p><img alt=\"\" src=\"https://www.dangquangwatch.vn/lib/ckfinder/images/c%E1%BA%A7u%20th%E1%BB%A7%20B%C3%B9i%20Ti%E1%BA%BFn%20D%C5%A9ng%20%C4%91eo%20%C4%91%E1%BB%93ng%20h%E1%BB%93%20%C4%90%C4%83ng%20Quang%20Watch.jpg\" /></p>\r\n\r\n<p><strong>Sự lựa chọn ho&agrave;n hảo cho c&aacute;nh m&agrave;y r&acirc;u trong năm 2022.</strong></p>\r\n\r\n<p><img alt=\"\" src=\"https://www.dangquangwatch.vn/lib/ckfinder/images/dong%20ho%20ho%20phien%20ban%20gioi%20han%20(5).jpg\" /></p>\r\n\r\n<p><strong>Đăng Quang Watch tự h&agrave;o l&agrave; nh&agrave; ph&acirc;n phối b&aacute;n lẻ đồng hồ&nbsp;lớn nhất Việt Nam.</strong></p>\r\n', '40mm', ' 5ATM', ' Kính sapphire', 'Quartz/Pin', '20mm', 'Dây da chính hãng', 'Thép không rỉ', 'Đồng hồ Nam', ' China', ' Bảo hành quốc tế 02 năm'),
(64, 'ĐỒNG HỒ PHILIPPE AUGUSTE PA-555.1', 18999000, 19999000, 500, '72429618_1034985426_donghokimnguu2.jpg', '1265227352_donghokimnguu.jpg', '1992069784_donghokimngua.jpg', '1777068843_donghokimnguu5.jpg', '2045036558_donghokimnguu4.jpg', 4, 'dong ho co', '<p><strong>Thương hiệu đồng hồ&nbsp; Philippe Auguste được nhập khẩu nguy&ecirc;n chiếc v&agrave; ph&acirc;n phối độc quyền tại Đăng Quang Watch.</strong></p>\r\n\r\n<p><img alt=\"\" src=\"https://www.dangquangwatch.vn/lib/ckfinder/images/z2742540985072_1cf962b3284b7fd4e55984d5f37c2b41.jpg\" /></p>\r\n\r\n<p><strong>PA-555.1 kim ngưu phi&ecirc;n bản giới hạn chỉ với 555 chiếc tr&ecirc;n to&agrave;n cầu.</strong></p>\r\n\r\n<p><strong><img alt=\"\" src=\"https://www.dangquangwatch.vn/lib/ckfinder/images/z2742254696095_4fb12ba1d3021fa0c06b33b6c7ecb774.jpg\" /></strong></p>\r\n\r\n<p><strong>Si&ecirc;u phẩm được trang tr&iacute; nổi bật với biểu tượng con tr&acirc;u linh vật của năm 2021 v&agrave; những người tuổi sửu.Đem lại may mắn v&agrave; t&agrave;i lộc.</strong><strong><img alt=\"\" src=\"https://www.dangquangwatch.vn/lib/ckfinder/images/z2742254659631_92066f3e4169dad13cd6ab50813bce79.jpg\" /></strong></p>\r\n\r\n<p><strong>Nắp sau lộ m&aacute;y v&agrave; được chạm khắc chữ Vạn&nbsp;(卍) -&nbsp;biểu tượng mang lại &yacute; nghĩa &quot; ph&uacute;c lộc , an khang , th&agrave;nh c&ocirc;ng thịnh vượng &quot;.&nbsp;&nbsp;</strong></p>\r\n\r\n<p><strong><img alt=\"\" src=\"https://www.dangquangwatch.vn/lib/ckfinder/images/z2742254684843_1ab642c3dde4cd9a36d965ee5259b180.jpg\" /></strong></p>\r\n\r\n<p><strong>Kh&oacute;a th&ocirc;ng minh gi&uacute;p bạn đeo dễ d&agrave;ng hơn.</strong></p>\r\n\r\n<p><strong><img alt=\"\" src=\"https://www.dangquangwatch.vn/lib/ckfinder/images/z2742254648264_4ebd484c01daf8e9f8cbafa9b9f183ab.jpg\" /></strong></p>\r\n\r\n<p><strong>Hộp đựng đồng hồ cao cấp v&acirc;n gỗ đẹp mắt.</strong></p>\r\n\r\n<p><img alt=\"\" src=\"https://www.dangquangwatch.vn/lib/ckfinder/images/z2742592897208_42155860732706786e850e3f31ebf97f.jpg\" /></p>\r\n\r\n<p><strong>Bảo h&agrave;nh 2 năm quốc tế.</strong></p>\r\n\r\n<p><img alt=\"\" src=\"https://www.dangquangwatch.vn/lib/ckfinder/images/z2742420475770_cb29c1ae8bae69b4b4e08b3b5433149c(1).jpg\" /></p>\r\n\r\n<p><strong>Cầu thủ Trọng Đại chọn</strong>&nbsp;<strong>PA-555.1 kim ngưu cho năm 2021 nhiều may mắn.</strong></p>\r\n\r\n<p><img alt=\"\" src=\"https://www.dangquangwatch.vn/lib/ckfinder/images/z2742420492646_c10edf4e0e4ae4caa2311ffb033748b3(1).jpg\" /></p>\r\n', '42mm', ' 5ATM', ' Kính sapphire', 'Automatic (Cơ tự động)', '22mm', 'Dây da chính hãng', 'Stainless Steel', 'Đồng hồ Nam', ' China', ' Bảo hành quốc tế 02 năm'),
(65, 'ĐỒNG HỒ PHILIPPE AUGUSTE PA-555.2', 19999000, 20990000, 500, '1359612914_donghokimnguu.jpg', '1389240042_donghochinhhang60.jpg', '1611534847_donghokimnguu7.jpg', '2033133607_donghochinhhang66.jpg', '', 4, 'dong ho co', '<p><strong>Thương hiệu đồng hồ&nbsp; Philippe Auguste được nhập khẩu nguy&ecirc;n chiếc v&agrave; ph&acirc;n phối độc quyền tại Đăng Quang Watch.</strong></p>\r\n\r\n<p><strong><img alt=\"\" src=\"https://www.dangquangwatch.vn/lib/ckfinder/images/z2742598742104_2b48c8b3e5b171723d7e4af2b56d0f23.jpg\" /></strong></p>\r\n\r\n<p><strong>PA-555.1 kim ngưu phi&ecirc;n bản giới hạn chỉ với 555 chiếc tr&ecirc;n to&agrave;n cầu.</strong></p>\r\n\r\n<p><strong><img alt=\"\" src=\"https://www.dangquangwatch.vn/lib/ckfinder/images/z2742598741943_4362e2f7acedd5475521ee49ed329af2.jpg\" /></strong></p>\r\n\r\n<p><strong>Si&ecirc;u phẩm được trang tr&iacute; nổi bật với biểu tượng con tr&acirc;u linh vật của năm 2021 v&agrave; những người tuổi sửu.Đem lại may mắn v&agrave; t&agrave;i lộc.</strong></p>\r\n\r\n<p><strong><img alt=\"\" src=\"https://www.dangquangwatch.vn/lib/ckfinder/images/z2742598711778_4a8e72c713b8ab1af08efe69f6d25e4e.jpg\" /></strong></p>\r\n\r\n<p><strong>Nắp sau lộ m&aacute;y v&agrave; được chạm khắc chữ Vạn&nbsp;(卍) -&nbsp;biểu tượng mang lại &yacute; nghĩa &quot; ph&uacute;c lộc , an khang , th&agrave;nh c&ocirc;ng thịnh vượng &quot;.&nbsp;&nbsp;</strong></p>\r\n\r\n<p><strong><img alt=\"\" src=\"https://www.dangquangwatch.vn/lib/ckfinder/images/z2742598723357_2a9c2be4f9db1dccd369206ce93b1997.jpg\" /></strong></p>\r\n\r\n<p><strong>Size d&acirc;y l&agrave; 22 mm được l&agrave;m bằng th&eacute;p kh&ocirc;ng gỉ 316L cao cấp mạ PVD.</strong></p>\r\n\r\n<p><img alt=\"\" src=\"https://www.dangquangwatch.vn/lib/ckfinder/images/z2742598700771_f6a67837c338e5947542a0b5ca4d2bca(1).jpg\" /></p>\r\n\r\n<p><strong>Hộp đựng đồng hồ cao cấp v&acirc;n gỗ đẹp mắt.</strong></p>\r\n\r\n<p><strong><img alt=\"\" src=\"https://www.dangquangwatch.vn/lib/ckfinder/images/z2742598732967_4c8573007f27305244a9f2fa324df210.jpg\" /></strong></p>\r\n\r\n<p><strong>Bảo h&agrave;nh 2 năm quốc tế.</strong></p>\r\n\r\n<p><strong><img alt=\"\" src=\"https://www.dangquangwatch.vn/lib/ckfinder/images/z2742598689487_122dbe741a7ed2ab5df4efa4809b89bc.jpg\" /></strong></p>\r\n\r\n<p><strong>Đạo diễn ki&ecirc;m diễn vi&ecirc;n B&igrave;nh Trọng chọn</strong>&nbsp;<strong>PA-555.2 kim ngưu cho năm 2021 nhiều may mắn v&agrave; th&agrave;nh c&ocirc;ng.</strong></p>\r\n\r\n<p><strong><img alt=\"\" src=\"https://www.dangquangwatch.vn/lib/ckfinder/images/z2742598647095_0663e4bec4d2c52bd61bd87766411a44.jpg\" /></strong></p>\r\n', '42mm', ' 5ATM', ' Kính sapphire', 'Automatic (Cơ tự động)', '22mm', 'Dây da chính hãng', 'Stainless Steel', 'Đồng hồ Nam', ' China', ' Bảo hành quốc tế 10 năm'),
(66, 'Đồng hồ Philippe Auguste PA5001B', 9640000, 10490000, 500, '202451360_dong-ho-nhap-khau2.jpg', '921716008_DONG-HO-CHINH-HANG-23.jpg', '1929195414_DONG-HO-CHINH-HANG-9.jpg', '2077059687_DONG-HO-CHINH-HANG-24.jpg', '1300425021_DONG-HO-CHINH-HANG-7.jpg', 4, 'dong ho co', '<p><strong>Thương hiệu đồng hồ&nbsp; Philippe Auguste được nhập khẩu nguy&ecirc;n chiếc v&agrave; ph&acirc;n phối độc quyền tại Đăng Quang Watch.</strong></p>\r\n\r\n<p><img alt=\"\" src=\"https://www.dangquangwatch.vn/lib/ckfinder/images/dong%20ho%20chinh%20hang%20(1)(37).jpg\" /></p>\r\n\r\n<p><strong>Mặt k&iacute;nh sử dụng chất liệu sapphire chống trầy xước.</strong></p>\r\n\r\n<p><img alt=\"\" src=\"https://www.dangquangwatch.vn/lib/ckfinder/images/dong%20ho%20chinh%20hang%20(4)(38).jpg\" /></p>\r\n\r\n<p><strong>Chất liệu vỏ th&eacute;p kh&ocirc;ng gỉ 316L cao cấp mạ PVD.</strong></p>\r\n\r\n<p><img alt=\"\" src=\"https://www.dangquangwatch.vn/lib/ckfinder/images/dong%20ho%20chinh%20hang%20(6)(31).jpg\" /></p>\r\n\r\n<p><strong>Nắp&nbsp;sau&nbsp;lộ m&aacute;y v&agrave; độ chịu nước 5 ATM đi mưa rửa tay nhẹ nh&agrave;ng.</strong></p>\r\n\r\n<p><img alt=\"\" src=\"https://www.dangquangwatch.vn/lib/ckfinder/images/dong%20ho%20chinh%20hang%20(5)(42).jpg\" /></p>\r\n\r\n<p><strong>Kh&oacute;a khắc logo thương hiệu tinh xảo.</strong></p>\r\n\r\n<p><img alt=\"\" src=\"https://www.dangquangwatch.vn/lib/ckfinder/images/dong%20ho%20chinh%20hang%20(3)(40).jpg\" /></p>\r\n\r\n<p><strong>Sự lựa chọn ho&agrave;n hảo cho c&aacute;nh m&agrave;y r&acirc;u.</strong></p>\r\n\r\n<p><img alt=\"\" src=\"https://www.dangquangwatch.vn/lib/ckfinder/images/dong%20ho%20chinh%20hang%20(2)(36).jpg\" /></p>\r\n', '40mm', ' 5ATM', ' Kính sapphire', 'Automatic (Cơ tự động)', 'Free size', 'Dây da chính hãng', 'Stainless Steel', 'Đồng hồ Nam', ' China', ' Bảo hành quốc tế 02 năm'),
(67, 'Đồng hồ Philippe Auguste PA5001C', 11359000, 12399000, 500, '1494321812_dong-ho-nhap-khau3.jpg', '1257357647_DONG-HO-CHINH-HANG-9.jpg', '608535751_DONG-HO-CHINH-HANG-5.jpg', '590777251_DONG-HO-CHINH-HANG-17.jpg', '1151661339_DONG-HO-CHINH-HANG-7.jpg', 4, 'dong ho co', '<p><strong>Thương hiệu đồng hồ&nbsp; Philippe Auguste được nhập khẩu nguy&ecirc;n chiếc v&agrave; ph&acirc;n phối độc quyền tại Đăng Quang Watch.</strong></p>\r\n\r\n<p><img alt=\"\" src=\"https://www.dangquangwatch.vn/lib/ckfinder/images/z2742540985072_1cf962b3284b7fd4e55984d5f37c2b41.jpg\" /></p>\r\n\r\n<p><strong>PA-555.1 kim ngưu phi&ecirc;n bản giới hạn chỉ với 555 chiếc tr&ecirc;n to&agrave;n cầu.</strong></p>\r\n\r\n<p><strong><img alt=\"\" src=\"https://www.dangquangwatch.vn/lib/ckfinder/images/z2742254696095_4fb12ba1d3021fa0c06b33b6c7ecb774.jpg\" /></strong></p>\r\n\r\n<p><strong>Si&ecirc;u phẩm được trang tr&iacute; nổi bật với biểu tượng con tr&acirc;u linh vật của năm 2021 v&agrave; những người tuổi sửu.Đem lại may mắn v&agrave; t&agrave;i lộc.</strong><strong><img alt=\"\" src=\"https://www.dangquangwatch.vn/lib/ckfinder/images/z2742254659631_92066f3e4169dad13cd6ab50813bce79.jpg\" /></strong></p>\r\n\r\n<p><strong>Nắp sau lộ m&aacute;y v&agrave; được chạm khắc chữ Vạn&nbsp;(卍) -&nbsp;biểu tượng mang lại &yacute; nghĩa &quot; ph&uacute;c lộc , an khang , th&agrave;nh c&ocirc;ng thịnh vượng &quot;.&nbsp;&nbsp;</strong></p>\r\n\r\n<p><strong><img alt=\"\" src=\"https://www.dangquangwatch.vn/lib/ckfinder/images/z2742254684843_1ab642c3dde4cd9a36d965ee5259b180.jpg\" /></strong></p>\r\n\r\n<p><strong>Kh&oacute;a th&ocirc;ng minh gi&uacute;p bạn đeo dễ d&agrave;ng hơn.</strong></p>\r\n\r\n<p><strong><img alt=\"\" src=\"https://www.dangquangwatch.vn/lib/ckfinder/images/z2742254648264_4ebd484c01daf8e9f8cbafa9b9f183ab.jpg\" /></strong></p>\r\n\r\n<p><strong>Hộp đựng đồng hồ cao cấp v&acirc;n gỗ đẹp mắt.</strong></p>\r\n\r\n<p><img alt=\"\" src=\"https://www.dangquangwatch.vn/lib/ckfinder/images/z2742592897208_42155860732706786e850e3f31ebf97f.jpg\" /></p>\r\n\r\n<p><strong>Bảo h&agrave;nh 2 năm quốc tế.</strong></p>\r\n\r\n<p><img alt=\"\" src=\"https://www.dangquangwatch.vn/lib/ckfinder/images/z2742420475770_cb29c1ae8bae69b4b4e08b3b5433149c(1).jpg\" /></p>\r\n\r\n<p><strong>Cầu thủ Trọng Đại chọn</strong>&nbsp;<strong>PA-555.1 kim ngưu cho năm 2021 nhiều may mắn.</strong></p>\r\n\r\n<p><img alt=\"\" src=\"https://www.dangquangwatch.vn/lib/ckfinder/images/z2742420492646_c10edf4e0e4ae4caa2311ffb033748b3(1).jpg\" /></p>\r\n', '40mm', ' 5ATM', ' Kính sapphire', 'Automatic (Cơ tự động)', 'Free size', 'Dây da chính hãng', 'Stainless Steel', 'Đồng hồ Nam', ' China', ' Bảo hành quốc tế 02 năm'),
(68, 'Đồng hồ Philippe Auguste PA5003C', 12000000, 13, 500, '149517362_DONG-HO-CHINH-HANG-2.jpg', '359143459_dong-ho-chinh-hang.jpg', '782802659_dong-ho-nhap-khau3.jpg', '736495736_DONG-HO-CHINH-HANG-13.jpg', '1457540195_DONG-HO-CHINH-HANG-26.jpg', 4, 'dong ho co', '<p><strong>Thương hiệu đồng hồ&nbsp; Philippe Auguste được nhập khẩu nguy&ecirc;n chiếc v&agrave; ph&acirc;n phối độc quyền tại Đăng Quang Watch.</strong></p>\r\n\r\n<p><img alt=\"\" src=\"https://www.dangquangwatch.vn/lib/ckfinder/images/dong%20ho%20chinh%20hang%20(1)(41).jpg\" /></p>\r\n\r\n<p><strong>Mặt k&iacute;nh sử dụng chất liệu sapphire chống trầy xước.</strong></p>\r\n\r\n<p><img alt=\"\" src=\"https://www.dangquangwatch.vn/lib/ckfinder/images/dong%20ho%20chinh%20hang%20(5)(45).jpg\" /></p>\r\n\r\n<p><strong>Chất liệu vỏ th&eacute;p kh&ocirc;ng gỉ 316L cao cấp mạ PVD.</strong></p>\r\n\r\n<p><img alt=\"\" src=\"https://www.dangquangwatch.vn/lib/ckfinder/images/dong%20ho%20chinh%20hang%20(6)(34).jpg\" /></p>\r\n\r\n<p><strong>Nắp&nbsp;sau&nbsp;lộ m&aacute;y v&agrave; độ chịu nước 5 ATM đi mưa rửa tay nhẹ nh&agrave;ng.</strong></p>\r\n\r\n<p><img alt=\"\" src=\"https://www.dangquangwatch.vn/lib/ckfinder/images/dong%20ho%20chinh%20hang%20(2)(39).jpg\" /></p>\r\n\r\n<p><strong>Kh&oacute;a thường khắc logo thương hiệu tinh xảo.</strong></p>\r\n\r\n<p><img alt=\"\" src=\"https://www.dangquangwatch.vn/lib/ckfinder/images/dong%20ho%20chinh%20hang%20(3)(43).jpg\" /></p>\r\n\r\n<p><strong>Sự lựa chọn ho&agrave;n hảo cho c&aacute;nh m&agrave;y r&acirc;u.</strong></p>\r\n\r\n<p><img alt=\"\" src=\"https://www.dangquangwatch.vn/lib/ckfinder/images/dong%20ho%20chinh%20hang%20(4)(41).jpg\" /></p>\r\n', '40mm', ' 5ATM', ' Kính sapphire', 'Automatic (Cơ tự động)', 'Free size', 'Dây da chính hãng', 'Stainless Steel', 'Đồng hồ Nam', ' China', ' Bảo hành quốc tế 02 năm'),
(69, 'Đồng hồ Philippe Auguste PA5008H', 13590000, 14000000, 500, '180278684_DONG-HO-CHINH-HANG-6.jpg', '1035045547_DONG-HO-CHINH-HANG-12.jpg', '1093616773_DONG-HO-CHINH-HANG-5.jpg', '1221249871_donghochinhhang2.jpg', '901828726_DONG-HO-CHINH-HANG-1.jpg', 4, 'dong ho co', '<p><strong>Thương hiệu đồng hồ&nbsp; Philippe Auguste được nhập khẩu nguy&ecirc;n chiếc v&agrave; ph&acirc;n phối độc quyền tại Đăng Quang Watch.</strong></p>\r\n\r\n<p><img alt=\"\" src=\"https://www.dangquangwatch.vn/lib/ckfinder/images/dong%20ho%20co%20lo%20may%20(4)(2).jpg\" /></p>\r\n\r\n<p><strong>Mặt k&iacute;nh sử dụng chất liệu sapphire chống trầy xước.</strong></p>\r\n\r\n<p><img alt=\"\" src=\"https://www.dangquangwatch.vn/lib/ckfinder/images/dong%20ho%20co%20lo%20may%20(1)(1).jpg\" /></p>\r\n\r\n<p><strong>Chất liệu vỏ th&eacute;p kh&ocirc;ng gỉ 316L cao cấp mạ PVD.</strong></p>\r\n\r\n<p><img alt=\"\" src=\"https://www.dangquangwatch.vn/lib/ckfinder/images/dong%20ho%20co%20lo%20may%20(5)(1).jpg\" /></p>\r\n\r\n<p><strong>Nắp sau lộ m&aacute;y v&agrave; độ chịu nước 5 ATM đi mưa rửa tay nhẹ nh&agrave;ng.</strong></p>\r\n\r\n<p><img alt=\"\" src=\"https://www.dangquangwatch.vn/lib/ckfinder/images/dong%20ho%20co%20lo%20may%20(3)(1).jpg\" /></p>\r\n\r\n<p><strong>Kh&oacute;a khắc logo thương hiệu tinh xảo.</strong></p>\r\n\r\n<p><img alt=\"\" src=\"https://www.dangquangwatch.vn/lib/ckfinder/images/dong%20ho%20co%20lo%20may%20(2)(1).jpg\" /></p>\r\n', '40mm', ' 5ATM', ' Kính sapphire', 'Automatic (Cơ tự động)', 'Free size', 'Dây da chính hãng', 'Stainless Steel', 'Đồng hồ Nam', ' China', ' Bảo hành quốc tế 02 năm'),
(70, ' Đồng hồ Citizen CT-NH8350-08A', 4990000, 4490000, 500, '1198992371_114954084_đồng-hồ-đăng-quang32.jpg', '949363954_188005066_dong-ho-chinh-hang-8.jpg', '809222329_1890277981_DONG-HO-CHINH-HANG-2.jpg', '1239880730_1569565881_đồng-hồ-nhập-khẩu10.jpg', '1278870388_dong-ho-chinh-hang-10.jpg', 5, 'dong ho co', '<p><strong>Đồng hồ Citizen thương hiệu Nhật Bản.</strong></p>\r\n\r\n<p><img alt=\"\" src=\"https://www.dangquangwatch.vn/lib/ckfinder/images/dong%20ho%20citizen.jpg\" /></p>\r\n\r\n<p><strong>Mặt k&iacute;nh sử dụng k&iacute;nh cứng chịu lực.</strong></p>\r\n\r\n<p><img alt=\"\" src=\"https://www.dangquangwatch.vn/lib/ckfinder/images/dong%20ho%20nhat%20(79).jpg\" /></p>\r\n\r\n<p><strong>Chất liệu vỏ th&eacute;p kh&ocirc;ng gỉ mạ PVĐ cao cấp.</strong></p>\r\n\r\n<p><img alt=\"\" src=\"https://www.dangquangwatch.vn/lib/ckfinder/images/dong%20ho%20nhat%20(81).jpg\" /></p>\r\n\r\n<p><strong>Sử dụng m&aacute;y pin , độ chịu nước 5 ATM đi mưa rửa tay nhẹ nh&agrave;ng.</strong></p>\r\n\r\n<p><img alt=\"\" src=\"https://www.dangquangwatch.vn/lib/ckfinder/images/dong%20ho%20nhat%20(82).jpg\" /></p>\r\n\r\n<p><strong>D&acirc;y da ch&iacute;nh h&atilde;ng sử dụng kh&oacute;a thường khắc logo thương hiệu</strong>.</p>\r\n\r\n<p><img alt=\"\" src=\"https://www.dangquangwatch.vn/lib/ckfinder/images/dong%20ho%20nhat%20(83).jpg\" /></p>\r\n\r\n<p><strong>Sự lựa chọn ho&agrave;n hảo cho c&aacute;nh m&agrave;y r&acirc;u.</strong></p>\r\n\r\n<p><img alt=\"\" src=\"https://www.dangquangwatch.vn/lib/ckfinder/images/dong%20ho%20nhat%20ban%20(15)(1).jpg\" /></p>\r\n', '40mm', ' 5ATM', ' Kính sapphire', 'Quartz/Pin', 'Free size', 'Dây da chính hãng', 'Stainless Steel', 'Đồng hồ Nam', ' China', ' Bảo hành quốc tế 02 năm'),
(71, ' Đồng hồ Citizen CT-BE9174-55E', 4190000, 4940000, 500, '1809135470_đồng-hồ-đăng-quang42.jpg', '1512525185_đồng-hồ-đăng-quang41.jpg', '555708373_CT-BE9174-55E.jpg', '1299752945_đồng-hồ-đăng-quang43.jpg', '857843637_đồng-hồ-đăng-quang44.jpg', 5, 'dong ho co', '<p>Thương hiệu:&nbsp;<a href=\"http://www.dangquangwatch.vn/sp/Dong-ho-Citizen/62-0-0-0-0-0-0.html\">Đồng hồ&nbsp;Citizen</a></p>\r\n\r\n<p>Kiểu d&aacute;ng :&nbsp;<a href=\"http://www.dangquangwatch.vn/sp/t-1/Dong-ho-nam.html\">Đồng hồ&nbsp;nam</a></p>\r\n\r\n<p>Chất&nbsp; liệu vỏ : Th&eacute;p kh&ocirc;ng gỉ mạ Demi PVD</p>\r\n\r\n<p>Chất liệu d&acirc;y : Th&eacute;p kh&ocirc;ng gỉ mạ Demi PVD</p>\r\n\r\n<p>Mặt k&iacute;nh : Mineral Crystal (K&iacute;nh Cứng)</p>\r\n\r\n<p>Năng lượng sử sụng : Quatz ( M&aacute;y pin )</p>\r\n\r\n<p>K&iacute;ch thước mặt: 39 mm</p>\r\n\r\n<p>Độ d&agrave;y vỏ: 10 mm</p>\r\n\r\n<p>Chống nước: 5 ATM</p>\r\n\r\n<p>Xuất Xứ : Nhật Bản</p>\r\n\r\n<p>Bảo h&agrave;nh : 1 năm</p>\r\n\r\n<p>Tư vấn v&agrave; đặt h&agrave;ng : 098.668.1189</p>\r\n\r\n<p>Thanh to&aacute;n : Trực tiếp khi nhận sản phẩm</p>\r\n\r\n<p>Vận chuyển : Miễn ph&iacute;</p>\r\n', '33mm', ' 5ATM', ' Kính sapphire', 'Quartz/Pin', 'Free size', ' Hợp kim mạ PVD', 'Hợp kim mạ PVD , đính đá swarovsky', 'Đồng hồ Nam', ' China', ' Bảo hành quốc tế 02 năm'),
(72, 'Đồng hồ Citizen CT-BI1050-56A', 2190000, 2690000, 500, '1444786144_DONG-HO-CHINH-HANG-9.jpg', '1739202690_DỒNG-HỒ-CHÍNH-HÃNG-4.jpg', '1040006855_dong-ho-chinh-hang-4.jpg', '1078145141_dong-ho-chinh-hang-1.jpg', '221232752_đồng-hồ-nhật4.jpg', 5, 'dong ho co', '<p><strong>Thương hiệu đồng hồ&nbsp; Philippe Auguste được nhập khẩu nguy&ecirc;n chiếc v&agrave; ph&acirc;n phối độc quyền tại Đăng Quang Watch.</strong></p>\r\n\r\n<p><img alt=\"\" src=\"https://www.dangquangwatch.vn/lib/ckfinder/images/dong%20ho%20co%20lo%20may%20(4)(2).jpg\" /></p>\r\n\r\n<p><strong>Mặt k&iacute;nh sử dụng chất liệu sapphire chống trầy xước.</strong></p>\r\n\r\n<p><img alt=\"\" src=\"https://www.dangquangwatch.vn/lib/ckfinder/images/dong%20ho%20co%20lo%20may%20(1)(1).jpg\" /></p>\r\n\r\n<p><strong>Chất liệu vỏ th&eacute;p kh&ocirc;ng gỉ 316L cao cấp mạ PVD.</strong></p>\r\n\r\n<p><img alt=\"\" src=\"https://www.dangquangwatch.vn/lib/ckfinder/images/dong%20ho%20co%20lo%20may%20(5)(1).jpg\" /></p>\r\n\r\n<p><strong>Nắp sau lộ m&aacute;y v&agrave; độ chịu nước 5 ATM đi mưa rửa tay nhẹ nh&agrave;ng.</strong></p>\r\n\r\n<p><img alt=\"\" src=\"https://www.dangquangwatch.vn/lib/ckfinder/images/dong%20ho%20co%20lo%20may%20(3)(1).jpg\" /></p>\r\n\r\n<p><strong>Kh&oacute;a khắc logo thương hiệu tinh xảo.</strong></p>\r\n\r\n<p><img alt=\"\" src=\"https://www.dangquangwatch.vn/lib/ckfinder/images/dong%20ho%20co%20lo%20may%20(2)(1).jpg\" /></p>\r\n', ' 28mm', ' 3ATM', ' Mặt Mineral Crystal', 'Quartz/Pin', 'Free size', 'Thép không rỉ', 'Stainless Steel', 'Đồng hồ Nam', ' China', ' Bảo hành quốc tế 02 năm'),
(73, 'Đồng hồ Citizen CT-NH8360-80J', 5779000, 6500000, 500, '332755139_donghonhat7.jpg', '1652722980_1144760903_đồng-hồ-đăng-quang9.jpg', '178867512_2083857431_dong-ho-chinh-hang-10.jpg', '36530317_141694998_đồng-hồ-đăng-quang8.jpg', '2068226156_661053534_dong-ho-chinh-hang-9.jpg', 5, 'dong ho co', '<p><strong>Đồng hồ Citizen thương hiệu Nhật Bản.</strong></p>\r\n\r\n<p><img alt=\"\" src=\"https://www.dangquangwatch.vn/lib/ckfinder/images/dong%20ho%20nhat%20(55).jpg\" /></p>\r\n\r\n<p><strong>Mặt k&iacute;nh sử dụng k&iacute;nh cứng chịu lực.</strong></p>\r\n\r\n<p><img alt=\"\" src=\"https://www.dangquangwatch.vn/lib/ckfinder/images/dong%20ho%20nhat%20(53).jpg\" /></p>\r\n\r\n<p><strong>Chất liệu vỏ th&eacute;p kh&ocirc;ng gỉ mạ PVĐ cao cấp.</strong></p>\r\n\r\n<p><img alt=\"\" src=\"https://www.dangquangwatch.vn/lib/ckfinder/images/dong%20ho%20nhat%20(51).jpg\" /></p>\r\n\r\n<p><strong>Sử dụng m&aacute;y pin độ chịu nước 5 ATM.</strong></p>\r\n\r\n<p><img alt=\"\" src=\"https://www.dangquangwatch.vn/lib/ckfinder/images/dong%20ho%20nhat%20(50).jpg\" /></p>\r\n\r\n<p><strong>Kh&oacute;a khắc logo thương hiệu tinh xảo.</strong></p>\r\n\r\n<p><img alt=\"\" src=\"https://www.dangquangwatch.vn/lib/ckfinder/images/dong%20ho%20nhat%20(52).jpg\" /></p>\r\n\r\n<p><strong>Sự lựa chọn ho&agrave;n hảo cho c&aacute;nh m&agrave;y r&acirc;u.</strong></p>\r\n\r\n<p><img alt=\"\" src=\"https://www.dangquangwatch.vn/lib/ckfinder/images/dong%20ho%20nhat%20(54).jpg\" /></p>\r\n', '40mm', ' 3ATM', 'Mineral (Kính cứng chịu lực)', 'Automatic (Cơ tự động)', 'Free size', 'Thép không rỉ', 'Thép không rỉ', 'Đồng hồ Nam', ' China', ' Bảo hành quốc tế 02 năm'),
(74, 'Đồng hồ Citizen CT-BE9174-55A', 4540000, 5090000, 500, '357578047_dong_ho_nhat_ct_be9174_55a_4jpg_1631348045.jpg', '501658011_dong_ho_nhat_ct_be9174_55a_2jpg_1631348004.jpg', '664545445_dong_ho_nhat_ct_be9174_55ajpg_1623160416.jpg', '683533096_dong_ho_nhat_ct_be9174_55a_1jpg_1631348029.jpg', '258647167_dong_ho_nhat_ct_be9174_55a_3jpg_1631348029.jpg', 5, 'dong ho co', '<p><strong>Đồng hồ Citizen thương hiệu Nhật Bản.</strong></p>\r\n\r\n<p><img alt=\"\" src=\"https://www.dangquangwatch.vn/lib/ckfinder/images/dong%20ho%20nhat%20ban%20(9).jpg\" /></p>\r\n\r\n<p><strong>Mặt k&iacute;nh sử dụng k&iacute;nh cứng chịu lực.</strong></p>\r\n\r\n<p><img alt=\"\" src=\"https://www.dangquangwatch.vn/lib/ckfinder/images/dong%20ho%20nhat%20ban%20(10).jpg\" /></p>\r\n\r\n<p><strong>Chất liệu vỏ th&eacute;p kh&ocirc;ng gỉ mạ PVĐ cao cấp.</strong></p>\r\n\r\n<p><img alt=\"\" src=\"https://www.dangquangwatch.vn/lib/ckfinder/images/dong%20ho%20nhat%20ban%20(11).jpg\" /></p>\r\n\r\n<p><strong>Sử dụng m&aacute;y pin , độ chịu nước 5 ATM đi mưa rửa tay nhẹ nh&agrave;ng.</strong></p>\r\n\r\n<p><img alt=\"\" src=\"https://www.dangquangwatch.vn/lib/ckfinder/images/dong%20ho%20nhat%20ban%20(12).jpg\" /></p>\r\n\r\n<p><strong>Kh&oacute;a khắc logo thương hiệu tinh xảo.</strong></p>\r\n\r\n<p><img alt=\"\" src=\"https://www.dangquangwatch.vn/lib/ckfinder/images/dong%20ho%20nhat%20ban%20(7).jpg\" /></p>\r\n\r\n<p><strong>Sự lựa chọn ho&agrave;n hảo cho c&aacute;nh m&agrave;y r&acirc;u.</strong></p>\r\n\r\n<p><img alt=\"\" src=\"https://www.dangquangwatch.vn/lib/ckfinder/images/dong%20ho%20nhat%20ban%20(14).jpg\" /></p>\r\n', '40mm', ' 3ATM', 'Mineral (Kính cứng chịu lực)', 'Quartz/Pin', ' Free size', ' Thép không gỉ ( mạ Demi PVD )', ' Thép không gỉ ( mạ Demi PVD )', 'Đồng hồ Nam', ' China', ' Bảo hành quốc tế 02 năm'),
(75, ' Đồng hồ Citizen CT-BF2003-84P', 4540000, 5090000, 500, '935356074_donghonhat31.jpg', '1766173032_đồng-hồ-đăng-quang60.jpg', '1548601209_DỒNG-HỒ-CHÍNH-HÃNG-2.jpg', '1639390470_donghonhat.jpg', '', 5, 'dong ho co', '<p><strong>Đồng hồ Citizen thương hiệu Nhật Bản.</strong></p>\r\n\r\n<p><img alt=\"\" src=\"https://www.dangquangwatch.vn/lib/ckfinder/images/dong%20ho%20nhat%20ban%20(1).jpg\" /></p>\r\n\r\n<p><strong>Mặt k&iacute;nh sử dụng k&iacute;nh cứng chịu lực.</strong></p>\r\n\r\n<p><img alt=\"\" src=\"https://www.dangquangwatch.vn/lib/ckfinder/images/dong%20ho%20nhat%20ban%20(2).jpg\" /></p>\r\n\r\n<p><strong>Chất liệu vỏ th&eacute;p kh&ocirc;ng gỉ mạ PVĐ cao cấp.</strong></p>\r\n\r\n<p><img alt=\"\" src=\"https://www.dangquangwatch.vn/lib/ckfinder/images/dong%20ho%20nhat%20ban%20(5).jpg\" /></p>\r\n\r\n<p><strong>Sử dụng m&aacute;y pin , độ chịu nước 5 ATM đi mưa rửa tay nhẹ nh&agrave;ng.</strong></p>\r\n\r\n<p><img alt=\"\" src=\"https://www.dangquangwatch.vn/lib/ckfinder/images/dong%20ho%20nhat%20ban%20(4).jpg\" /></p>\r\n\r\n<p><strong>Kh&oacute;a khắc logo thương hiệu tinh xảo.</strong></p>\r\n\r\n<p><img alt=\"\" src=\"https://www.dangquangwatch.vn/lib/ckfinder/images/dong%20ho%20nhat%20ban%20(6).jpg\" /></p>\r\n\r\n<p><strong>Sự lựa chọn ho&agrave;n hảo cho c&aacute;nh m&agrave;y r&acirc;u.</strong></p>\r\n\r\n<p><img alt=\"\" src=\"https://www.dangquangwatch.vn/lib/ckfinder/images/dong%20ho%20nhat%20ban%20(3).jpg\" /></p>\r\n', '40mm', ' 3ATM', 'Mineral (Kính cứng chịu lực)', 'Quartz/Pin', ' Free size', ' Thép không gỉ ( mạ Demi PVD )', ' Thép không gỉ ( mạ Demi PVD )', 'Đồng hồ Nam', ' China', ' Bảo hành quốc tế 02 năm'),
(76, 'Đồng hồ Citizen CT-EZ6364-83A', 3580000, 4940000, 500, '519490089_dong-ho-chinh-hang-1.jpg', '1739847947_dong-ho-chinh-hang-2.jpg', '', '', '', 5, 'dong ho co', '<p><strong>Đồng hồ Citizen thương hiệu Nhật Bản.</strong></p>\r\n\r\n<p><img alt=\"\" src=\"https://www.dangquangwatch.vn/lib/ckfinder/images/dong%20ho%20nu%20nhat%20(12).jpg\" /></p>\r\n\r\n<p><strong>Mặt k&iacute;nh sử dụng k&iacute;nh cứng.</strong></p>\r\n\r\n<p><img alt=\"\" src=\"https://www.dangquangwatch.vn/lib/ckfinder/images/dong%20ho%20nu%20nhat%20(7).jpg\" /></p>\r\n\r\n<p><strong>Chất liệu vỏ th&eacute;p kh&ocirc;ng gỉ mạ PVĐ cao cấp.</strong></p>\r\n\r\n<p><img alt=\"\" src=\"https://www.dangquangwatch.vn/lib/ckfinder/images/dong%20ho%20nu%20nhat%20(9).jpg\" /></p>\r\n\r\n<p><strong>Sử dụng m&aacute;y pin độ chịu nước 5 ATM.</strong></p>\r\n\r\n<p><img alt=\"\" src=\"https://www.dangquangwatch.vn/lib/ckfinder/images/dong%20ho%20nu%20nhat%20(10).jpg\" /></p>\r\n\r\n<p><strong>Kh&oacute;a khắc logo thương hiệu tinh xảo.</strong></p>\r\n\r\n<p><img alt=\"\" src=\"https://www.dangquangwatch.vn/lib/ckfinder/images/dong%20ho%20nu%20nhat%20(11).jpg\" /></p>\r\n\r\n<p><strong>Sự lựa chọn ho&agrave;n hảo d&agrave;nh cho ph&aacute;i đẹp.</strong></p>\r\n\r\n<p><img alt=\"\" src=\"https://www.dangquangwatch.vn/lib/ckfinder/images/dong%20ho%20nu%20nhat%20(8).jpg\" /></p>\r\n', '33mm', ' 3ATM', 'Mineral (Kính cứng chịu lực)', 'Quartz/Pin', 'Free size', 'Thép không rỉ', 'Thép không rỉ', ' Đồng hồ Nữ', ' China', ' Bảo hành quốc tế 02 năm'),
(77, 'Đồng hồ Jacques Lemans JL-11-1654.2ZD', 7500000, 6600000, 500, '1029919314_dong-ho-chinh-hang-phien-ban-gioi-han.jpg', '1100427083_donghonhapkhau18.jpg', '1763034200_donghonhapkhau16.jpg', '1324650817_donghonhapkhau19.jpg', '1727179280_donghonhapkhau17.jpg', 6, 'dong ho co', '<p><strong>Đồng hồ Jacques Lemans&nbsp;JL-11-1654.2ZD&nbsp;phi&ecirc;n bản giới hạn.</strong></p>\r\n\r\n<p><img alt=\"\" src=\"https://www.dangquangwatch.vn/lib/ckfinder/images/dong%20ho%20limited%20(7).jpg\" /></p>\r\n\r\n<p>&nbsp;</p>\r\n\r\n<p><strong>Với thiết kế đồng hồ thể thao điển h&igrave;nh d&agrave;nh cho ph&aacute;i mạnh lu&ocirc;n thuộc top những mẫu đồng hồ b&aacute;n chạy nhất tại Đăng Quang&nbsp;Watch.</strong></p>\r\n\r\n<p><img alt=\"\" src=\"https://www.dangquangwatch.vn/lib/ckfinder/images/dong%20ho%20limited%20(1).jpg\" /></p>\r\n\r\n<p>&nbsp;</p>\r\n\r\n<p><strong>Với phi&ecirc;n bản giới hạn của m&igrave;nh JL-11-1654.2ZD đ&atilde; tăng th&ecirc;m nhiều sự đột ph&aacute; mới về thiết kế cũng như chất liệu sản phẩm khiến cho mẫu sản phẩm n&agrave;y c&agrave;ng trở n&ecirc;n đắt gi&aacute; hơn.</strong></p>\r\n\r\n<p><img alt=\"\" src=\"https://www.dangquangwatch.vn/lib/ckfinder/images/dong%20ho%20limited%20(2).jpg\" /></p>\r\n\r\n<p><strong>Chất liệu vỏ th&eacute;p kh&ocirc;ng gỉ 316L cao cấp.</strong></p>\r\n\r\n<p><img alt=\"\" src=\"https://www.dangquangwatch.vn/lib/ckfinder/images/dong%20ho%20limited%20(3).jpg\" /></p>\r\n\r\n<p><strong>D&acirc;y da ch&iacute;nh h&atilde;ng.</strong></p>\r\n\r\n<p><img alt=\"\" src=\"https://www.dangquangwatch.vn/lib/ckfinder/images/dong%20ho%20limited%20(6).jpg\" /></p>\r\n\r\n<p><strong>Bảo h&agrave;nh 2 năm quốc tế.</strong></p>\r\n\r\n<p><img alt=\"\" src=\"https://www.dangquangwatch.vn/lib/ckfinder/images/dong%20ho%20limited%20(4).jpg\" /></p>\r\n\r\n<p><strong>JL-11-1654.2ZD&nbsp;<em><em>chắc chắn&nbsp;</em></em>sẽ l&agrave; một sự lựa chọn kh&ocirc;ng thể bỏ qua cho ph&aacute;i mạnh trong năm nay.</strong></p>\r\n\r\n<p><img alt=\"\" src=\"https://www.dangquangwatch.vn/lib/ckfinder/images/dong%20ho%20limited%20(5).jpg\" /></p>\r\n\r\n<p><strong>Ngầu như cầu thủ Ho&agrave;ng<em><em>&nbsp;Đức&nbsp;</em></em>l&ecirc;n tay si&ecirc;u phẩm Jacques Lemans Limited</strong></p>\r\n\r\n<p><strong><img alt=\"\" src=\"https://www.dangquangwatch.vn/lib/ckfinder/images/hoang-duc-deo-sieu-pham.jpg\" /></strong></p>\r\n\r\n<p><strong>Lịch l&atilde;m như diễn vi&ecirc;n Việt Ho&agrave;ng&nbsp;l&ecirc;n tay si&ecirc;u phẩm Jacques Lemans Limited.</strong></p>\r\n\r\n<p><strong><img alt=\"\" src=\"https://www.dangquangwatch.vn/lib/ckfinder/images/Viet-Hoang-deo-jacques-lemans-limited.jpg\" /></strong></p>\r\n\r\n<p><strong>Sự lựa chọn ho&agrave;n hảo của diễn vi&ecirc;n Anh Tuấn.</strong></p>\r\n\r\n<p><strong><img alt=\"\" src=\"https://www.dangquangwatch.vn/lib/ckfinder/images/z3230576457320_e224473970dc26f7e7f99e579bdf87d0.jpg\" /></strong></p>\r\n\r\n<p><strong>Giấy chứng nhận Đăng Quang Watch l&agrave; nh&agrave; ph&acirc;n phối độc quyền của thương hiệu JACQUES LEMANS tại Việt Nam.</strong></p>\r\n\r\n<p><strong><img alt=\"\" src=\"https://www.dangquangwatch.vn/lib/ckfinder/images/Jacques-Lemans--Certificate_Dang_Quang_2020web.jpg\" /></strong></p>\r\n', '40mm', ' 10ATM', 'Krysterna crystal ( kính cứng )', 'Quartz/Pin', '20mm', 'Dây da chính hãng', 'Thép không rỉ', 'Đồng hồ Nam', 'Áo', ' Bảo hành quốc tế 10 năm'),
(78, 'Đồng hồ Jacques Lemans JL-11-1654.2ZH', 7500000, 8000000, 500, '974268866_donghophienbangioihan2.jpg', '22088366_donghonhapkhau23.jpg', '1475352035_donghonhapkhau21.jpg', '1775973215_donghonhapkhau24.jpg', '1442392390_donghonhapkhau25.jpg', 6, 'dong ho co', '<h3><strong>Đồng hồ Jacques Lemans JL-11-1654.2ZH Limited Edition ( phi&ecirc;n bản giới hạn ).</strong></h3>\r\n\r\n<p><img alt=\"\" src=\"https://www.dangquangwatch.vn/lib/ckfinder/images/donghonhapkhau1.jpg\" /></p>\r\n\r\n<p><strong>Với thiết kế đồng hồ thể thao mạnh mẽ điển h&igrave;nh d&agrave;nh cho ph&aacute;i mạnh lu&ocirc;n thuộc top những mẫu đồng hồ b&aacute;n chạy nhất tại Đăng Quang Watch.</strong></p>\r\n\r\n<p><strong><img alt=\"\" src=\"https://www.dangquangwatch.vn/lib/ckfinder/images/donghonhapkhau2.jpg\" /></strong></p>\r\n\r\n<p><strong>Thiết kế mặt k&iacute;nh chịu lực v&ocirc; c&ugrave;ng bền bỉ, chất liệu vỏ th&eacute;p kh&ocirc;ng gỉ 316L cao cấp&nbsp;v&agrave; đặc biệt với độ chịu nước l&ecirc;n tới 10ATM.</strong></p>\r\n\r\n<p><strong><img alt=\"\" src=\"https://www.dangquangwatch.vn/lib/ckfinder/images/donghonhapkhau4.jpg\" /></strong></p>\r\n\r\n<p><strong>D&acirc;y kim loại l&agrave;m bằng th&eacute;p kh&ocirc;ng gỉ 316L cao cấp , size d&acirc;y 20 mm.</strong></p>\r\n\r\n<p><strong><img alt=\"\" src=\"https://www.dangquangwatch.vn/lib/ckfinder/images/donghonhapkhau5.jpg\" /></strong></p>\r\n\r\n<p><strong>Giấy chứng nhận Đăng Quang Watch l&agrave; nh&agrave; ph&acirc;n phối độc quyền của thương hiệu JACQUES LEMANS tại Việt Nam.</strong></p>\r\n\r\n<p><strong><img alt=\"\" src=\"https://www.dangquangwatch.vn/lib/ckfinder/images/Jacques-Lemans--Certificate_Dang_Quang_2020web(1).jpg\" /></strong></p>\r\n', '', ' 3ATM', 'Krysterna crystal ( kính cứng )', 'Quartz/Pin', 'Free size', ' Thép không gỉ ( mạ Demi PVD )', ' Thép không gỉ ( mạ Demi PVD )', 'Đồng hồ Nam', 'Áo', ' Bảo hành quốc tế 02 năm'),
(79, 'Đồng hồ Jacques Lemans JL-1-1851ZC', 3580000, 4000000, 500, '1334292412_dong_ho_nu_jl_1_1851zcjpg_1622368493.jpg', '1797814438_donghonunhapkhau5.jpg', '', '', '', 6, 'dong ho co', '<p>H&atilde;ng sản xuất:&nbsp;<a href=\"http://www.dangquangwatch.vn/sp/Dong-ho-Jacques-Lemans/568-0-0-0-0-0-0.html\">Jacques Lemans</a></p>\r\n\r\n<p>Loại đồng hồ: Đồng hồ nữ</p>\r\n\r\n<p>Loại k&iacute;nh: Hardened crystex crystal</p>\r\n\r\n<p>Chất liệu vỏ:&nbsp;Stainless Steel</p>\r\n\r\n<p>Đường k&iacute;nh vỏ: 28mm</p>\r\n\r\n<p>Chất liệu d&acirc;y:&nbsp;D&acirc;y da</p>\r\n\r\n<p>Năng lượng sử dụng: Quartz</p>\r\n\r\n<p>Mức độ chịu nước: 5 ATM</p>\r\n\r\n<p>Bảo h&agrave;nh: 2 năm</p>\r\n\r\n<p>Tư vấn v&agrave; đặt h&agrave;ng: 098.668.1189</p>\r\n\r\n<p>Giao h&agrave;ng tận nơi, thanh to&aacute;n trực tiếp khi nhận h&agrave;ng</p>\r\n\r\n<p>Miễn ph&iacute; vận chuyển</p>\r\n', '28mm', ' 5ATM', 'hardened crystex crystal (Kính cứng)', 'Quartz/Pin', '14mm', 'Dây da chính hãng', 'Thép không rỉ', 'Đồng hồ Nam', 'Áo', ' Bảo hành quốc tế 02 năm'),
(80, 'ĐỒNG HỒ JACQUES LEMANS JL-1-1654.2ZG', 6599000, 7590000, 500, '1171592586_donghochinhhang12.jpg', '739903006_dong-ho-chinh-hang-7.jpg', '739903006_dong-ho-chinh-hang-7.jpg', '414952905_DỒNG-HỒ-CHÍNH-HÃNG-1.jpg', '', 6, 'dong ho co', '<p><strong>Thương hiệu đồng hồ&nbsp; JACQUES LEMANS</strong>&nbsp;<strong>được nhập khẩu nguy&ecirc;n chiếc từ &Aacute;o v&agrave; ph&acirc;n phối độc quyền tại Đăng Quang Watch.</strong></p>\r\n\r\n<p><img alt=\"\" src=\"https://www.dangquangwatch.vn/lib/ckfinder/images/dong%20ho%20nhap%20khau%20(5)(5).jpg\" /></p>\r\n\r\n<p><strong>Mặt k&iacute;nh sử dụng k&iacute;nh cứng chịu lực.</strong></p>\r\n\r\n<p><img alt=\"\" src=\"https://www.dangquangwatch.vn/lib/ckfinder/images/dong%20ho%20nhap%20khau%20(4)(3).jpg\" /></p>\r\n\r\n<p><strong>Chất liệu vỏ th&eacute;p kh&ocirc;ng gỉ 316L cao cấp mạ PVD.</strong></p>\r\n\r\n<p><img alt=\"\" src=\"https://www.dangquangwatch.vn/lib/ckfinder/images/dong%20ho%20nhap%20khau%20(1)(6).jpg\" /></p>\r\n\r\n<p><strong>Sử dụng m&aacute;y pin v&agrave; độ chịu nước l&ecirc;n đến 10 ATM đi mưa rửa tay c&oacute; thể tắm trong điều kiện nước b&igrave;nh thường.</strong></p>\r\n\r\n<p><img alt=\"\" src=\"https://www.dangquangwatch.vn/lib/ckfinder/images/dong%20ho%20nhap%20khau%20(3)(5).jpg\" /></p>\r\n\r\n<p><strong>Kh&oacute;a khắc logo thương hiệu JACQUES LEMANS tinh xảo.</strong></p>\r\n\r\n<p><img alt=\"\" src=\"https://www.dangquangwatch.vn/lib/ckfinder/images/dong%20ho%20nhap%20khau%20(2)(4).jpg\" /></p>\r\n\r\n<p><strong>Sự lựa chọn ho&agrave;n hảo cho c&aacute;nh m&agrave;y r&acirc;u.</strong></p>\r\n\r\n<p><img alt=\"\" src=\"https://www.dangquangwatch.vn/lib/ckfinder/images/dong%20ho%20nhap%20khau%20(6)(4).jpg\" /></p>\r\n\r\n<p><strong>Giấy chứng nhận Đăng Quang Watch l&agrave; nh&agrave; ph&acirc;n phối độc quyền của thương hiệu JACQUES LEMANS tại Việt Nam.</strong></p>\r\n\r\n<p><img alt=\"\" src=\"https://www.dangquangwatch.vn/lib/ckfinder/images/Jacques-Lemans--Certificate_Dang_Quang_2020web(5).jpg\" /></p>\r\n', '40mm', ' 10ATM', 'Krysterna crystal ( kính cứng )', 'Quartz/Pin', ' Free size', 'Stainless Steel', 'Stainless Steel', 'Đồng hồ Nam', 'Áo', ' Bảo hành quốc tế 02 năm'),
(81, 'Đồng hồ Jacques Lemans JL-1-1654.2ZB', 5280000, 5940000, 500, '1709591781_dong-ho-chihh-hang-15.jpg', '1680920657_194864047_985534601_donghonhapkhau36.jpg', '1524156410_dong-ho-chinh-hang-5.jpg', '', '', 6, 'dong ho co', '<p><strong>Đồng hồ Jacques Lemans JL-1-1654.2ZB.&nbsp;</strong>Thiết kế năng động, khỏe khoắn, trẻ trung tinh tế, l&agrave; phụ kiện tuyệt vời d&agrave;nh cho c&aacute;c bạn nam.</p>\r\n\r\n<p><img alt=\"\" src=\"https://www.dangquangwatch.vn/lib/ckfinder/images/JL1654_2ZB.jpg\" /></p>\r\n\r\n<p>Thiết kế năng động, khỏe khoắn, trẻ trung<br />\r\nSize mặt 40mm, chất liệu cường lực chống va đập tốt nhất<br />\r\nVỏ th&eacute;p kh&ocirc;ng gỉ nguy&ecirc;n bản 316L cao cấp chống ăn m&ograve;n<br />\r\nĐộ chịu nước 10 ATM: đi mưa, rửa tay, tắm v&agrave; đi bơi&nbsp;<br />\r\nD&acirc;y da ch&iacute;nh h&atilde;ng size 20mm, m&agrave;u đen v&acirc;n nổi</p>\r\n', '40mm', ' 5ATM', 'Krysterna crystal ( kính cứng )', 'Quartz/Pin', ' Free size', 'Thép không rỉ', 'Stainless Steel', 'Đồng hồ Nam', 'Áo', ' Bảo hành quốc tế 02 năm');
INSERT INTO `sanpham` (`ID`, `tensanpham`, `giamoi`, `giacu`, `soluong`, `anhgoc`, `anh1`, `anh2`, `anh3`, `anh4`, `ID_hang`, `theloai`, `mota`, `duongkinh`, `chongnuoc`, `chatlieu`, `nangluong`, `size`, `chatlieuday`, `chatlieuvo`, `kieudang`, `xuatxu`, `baohanh`) VALUES
(82, 'Đồng hồ Jacques Lemans JL-40-1D', 2770000, 3500000, 500, '608933175_1662882114_dong-ho-chinh-hang-3.jpg', '344412255_dong-ho-chinh-hang-9.jpg', '1349370726_dong-ho-chinh-hang-4.jpg', '1423817578_dong-ho-chinh-hang-5.jpg', '491001673_dong-ho-chinh-hang-6.jpg', 6, 'dong ho co', '<p><strong>Thương hiệu đồng hồ&nbsp; JACQUES LEMANS được nhập khẩu nguy&ecirc;n chiếc từ &Aacute;o v&agrave; ph&acirc;n phối độc quyền tại Đăng Quang Watch.</strong></p>\r\n\r\n<p><strong><img alt=\"\" src=\"https://www.dangquangwatch.vn/lib/ckfinder/images/dong%20ho%20nhap%20khau%20(3).jpg\" /></strong></p>\r\n\r\n<p><strong>Mặt k&iacute;nh sử dụng k&iacute;nh cứng chịu lực , chống va đập cực tốt.</strong></p>\r\n\r\n<p><strong>&nbsp;<img alt=\"\" src=\"https://www.dangquangwatch.vn/lib/ckfinder/images/dong%20ho%20nhap%20khau%20(5)(1).jpg\" /></strong></p>\r\n\r\n<p><strong>Chất liệu vỏ th&eacute;p kh&ocirc;ng gỉ 316L cao cấp mạ PVD.</strong></p>\r\n\r\n<p><img alt=\"\" src=\"https://www.dangquangwatch.vn/lib/ckfinder/images/dong%20ho%20nhap%20khau%20(1)(2).jpg\" /></p>\r\n\r\n<p><strong>Nắp sau c&oacute; d&aacute;n tem chống h&agrave;ng giả của Đăng Quang Watch v&agrave; độ chịu nước 10ATM c&oacute; thể đi mưa rửa tay tắm trong nhiệt độ nước b&igrave;nh thường.</strong></p>\r\n\r\n<p><strong><img alt=\"\" src=\"https://www.dangquangwatch.vn/lib/ckfinder/images/dong%20ho%20nhap%20khau%20(6).jpg\" /></strong></p>\r\n\r\n<p><strong>Kh&oacute;a thường khắc logo thương hiệu Jacques Lemans tinh xảo.</strong></p>\r\n\r\n<p><strong><img alt=\"\" src=\"https://www.dangquangwatch.vn/lib/ckfinder/images/dong%20ho%20nhap%20khau%20(4).jpg\" /></strong></p>\r\n\r\n<p><strong>Sự lựa chọn ho&agrave;n hảo cho c&aacute;nh m&agrave;y r&acirc;u ph&ugrave; hợp với mọi phong c&aacute;ch.</strong></p>\r\n\r\n<p><strong><img alt=\"\" src=\"https://www.dangquangwatch.vn/lib/ckfinder/images/dong%20ho%20nhap%20khau%20(2).jpg\" /></strong></p>\r\n\r\n<p><strong>Chụp ảnh lưu niệm với đại diện c&aacute;c thương hiệu v&agrave; l&atilde;nh đạo c&ugrave;ng c&aacute;c quản l&yacute; của Đăng Quang Watch tr&ecirc;n to&agrave;n hệ thống.</strong></p>\r\n\r\n<p><strong><img alt=\"\" src=\"https://www.dangquangwatch.vn/lib/ckfinder/images/chup-%E1%BA%A3nh-luu-niem-c%C3%B9ng-DQW(72).jpg\" /></strong></p>\r\n\r\n<p><strong>Giấy chứng nhận Đăng Quang Watch l&agrave; nh&agrave; ph&acirc;n phối độc quyền của thương hiệu JACQUES LEMANS tại Việt Nam.</strong></p>\r\n\r\n<p><strong><img alt=\"\" src=\"https://www.dangquangwatch.vn/lib/ckfinder/images/Jacques-Lemans--Certificate_Dang_Quang_2020web(2).jpg\" /></strong></p>\r\n', '33mm', ' 10ATM', 'hardened crystex crystal (Kính cứng)', 'Quartz/Pin', 'Free size', ' Thép không gỉ ( mạ Demi PVD )', 'Thép không rỉ', 'Đồng hồ Nam', 'Áo', ' Bảo hành quốc tế 02 năm'),
(83, 'Đồng hồ Jacques Lemans JL-42-3E', 7290000, 8000000, 500, '1287337607_j13.jpg', '580058978_đòng-hồ-chính-hãng-26.jpg', '1089703019_dong-ho-chinh-hang-42-3E.jpg', '', '', 6, 'dong ho co', '<p><strong>Sản phẩm của thương hiệu Jacques Lemans đến từ Thụy Sỹ, với thiết kế mặt k&iacute;nh cứng chịu lực, chống trầy xước nhẹ v&agrave; c&oacute; độ trong suốt cao.</strong></p>\r\n\r\n<p>&nbsp;</p>\r\n\r\n<p><img alt=\"\" src=\"https://www.dangquangwatch.vn/lib/ckfinder/images/a1(15).jpg\" /></p>\r\n\r\n<p>&nbsp;</p>\r\n\r\n<p>&nbsp;</p>\r\n\r\n<p><strong>Sử dụng khung vỏ v&agrave; d&acirc;y l&agrave;m bằng th&eacute;p chống gỉ 316L, chống ăn m&ograve;n, chống oxi h&oacute;a v&agrave; hạn chế với c&aacute;c phản ứng từ đảm bảo gi&uacute;p đồng hồ lu&ocirc;n chạy ch&iacute;nh x&aacute;c.</strong></p>\r\n\r\n<p>&nbsp;</p>\r\n\r\n<p>&nbsp;</p>\r\n\r\n<p><img alt=\"\" src=\"https://www.dangquangwatch.vn/lib/ckfinder/images/a2(16).jpg\" /></p>\r\n\r\n<p>&nbsp;</p>\r\n\r\n<p><strong>Độ chống thấm nước cao l&ecirc;n đến 10 ATM, c&oacute; thể đi mưa, rửa tay, tắm v&agrave; mang đi bơi. Kh&ocirc;ng sử dụng với nước n&oacute;ng v&agrave; kh&ocirc;ng mang theo khi đi x&ocirc;ng hơi.</strong></p>\r\n\r\n<p>&nbsp;</p>\r\n\r\n<p>&nbsp;</p>\r\n\r\n<p><img alt=\"\" src=\"https://www.dangquangwatch.vn/lib/ckfinder/images/a3(16).jpg\" /></p>\r\n\r\n<p>&nbsp;</p>\r\n\r\n<p>&nbsp;</p>\r\n\r\n<p>&nbsp;</p>\r\n\r\n<p>H&atilde;ng sản xuất:&nbsp;Jacques Lemans</p>\r\n\r\n<p>Loại đồng hồ:&nbsp;đồng hồ nữ</p>\r\n\r\n<p>Loại k&iacute;nh:&nbsp;hardened crystex crystal (K&iacute;nh cứng )</p>\r\n\r\n<p>Chất liệu vỏ:&nbsp;Th&eacute;p kh&ocirc;ng gỉ mạ PVD</p>\r\n\r\n<p>Đường k&iacute;nh vỏ: 33mm</p>\r\n\r\n<p>Chất liệu d&acirc;y:&nbsp;Th&eacute;p kh&ocirc;ng gỉ mạ PVD + ceramic</p>\r\n\r\n<p>Năng lượng sử dụng: Quartz</p>\r\n\r\n<p>Mức độ chịu nước 10 ATM</p>\r\n\r\n<p>Bảo h&agrave;nh: 2 năm</p>\r\n\r\n<p>Tư vấn v&agrave; đặt h&agrave;ng: 098.668.1189</p>\r\n\r\n<p>Giao h&agrave;ng tận nơi, thanh to&aacute;n trực tiếp khi nhận h&agrave;ng</p>\r\n\r\n<p>Miễn ph&iacute; vận chuyển</p>\r\n', '33mm', ' 10ATM', 'hardened crystex crystal (Kính cứng)', 'Quartz/Pin', ' Free size', 'Thép không gỉ mạ PVD + ceramic', 'Thép không gỉ mạ PVD', ' Đồng hồ Nữ', 'Áo', ' Bảo hành quốc tế 02 năm'),
(84, 'Apple Watch SE 40mm viền nhôm dây silicone ', 8900000, 10900000, 500, 'se-40mm-vien-nhom-day-cao-su-hong-080221-0348059.jpg', 'se-40mm-vien-nhom-day-cao-su-hong-080221-0347541.jpg', 'vi-vn-se-40mm-vien-nhom-day-cao-su-hong-thiet-ke.jpeg', 'vi-vn-se-40mm-vien-nhom-day-cao-su-hong-hbv-fix.jpg', 'se-40mm-vien-nhom-day-cao-su-hong-080221-03480610.jpg', 7, 'dong ho thong minh', '<h3>Thiết kế sang trọng, hiện đại, mang n&eacute;t đặc trưng của Apple</h3>\r\n\r\n<p><a href=\"https://www.thegioididong.com/dong-ho-thong-minh/se-40mm-vien-nhom-day-cao-su-hong\" target=\"_blank\" title=\"Apple Watch SE 40mm viền nhôm dây cao su hồng chính hãng, giá rẻ, bán tại Thế Giới Di Động\">Apple Watch SE 40mm viền nh&ocirc;m d&acirc;y silicone hồng</a>&nbsp;c&oacute; thiết kế bo tr&ograve;n 4 g&oacute;c gi&uacute;p thao t&aacute;c vuốt chạm thoải m&aacute;i hơn. Mặt k&iacute;nh cường lực Ion-X strengthened glass&nbsp;với k&iacute;ch thước 1.57 inch, hiển thị r&otilde; r&agrave;ng. Khung viền nh&ocirc;m chắc chắn c&ugrave;ng&nbsp;<a href=\"https://www.thegioididong.com/day-dong-ho\" target=\"_blank\" title=\"Xem thêm mẫu dây đeo\">d&acirc;y đeo</a>&nbsp;silicone c&oacute; độ đ&agrave;n hồi cao, &ecirc;m &aacute;i, tạo cảm gi&aacute;c thoải m&aacute;i khi đeo.</p>\r\n\r\n<p><a href=\"https://cdn.tgdd.vn/Products/Images/7077/234918/se-40mm-vien-nhom-day-cao-su-hong-thiet-ke.jpeg\" onclick=\"return false;\"><img alt=\"Apple Watch SE 40mm - Thiết kế\" src=\"https://cdn.tgdd.vn/Products/Images/7077/234918/se-40mm-vien-nhom-day-cao-su-hong-thiet-ke.jpeg\" title=\"Apple Watch SE 40mm - Thiết kế\" /></a></p>\r\n\r\n<h3>Chip xử l&yacute; S5 gi&uacute;p cải thiện hiệu năng sản phẩm</h3>\r\n\r\n<p><a href=\"https://www.thegioididong.com/dong-ho-thong-minh-apple-watch-se\" title=\"Xem thêm một số sản phẩm Apple Watch SE đang kinh doanh tại Thế Giới Di Động\" type=\"apple watch s6, apple watch seri 6, apple watch series 6, apple watch 6, apple watch 2020, đồng hồ apple 6, đồng hồ apple s6, đồng hồ thông minh apple 6, đồng hồ thông minh apple s6 đồng hồ s6, s6 apple watch, watch s6, apple watch s6, apple watch seri 6, apple watch series 6, apple watch 6, apple watch 2020, apple watch se, đồng hồ apple se đồng hồ thông minh apple se\">Apple Watch SE</a>&nbsp;được trang bị chip S5 cho tốc độ xử l&yacute; nhanh gấp 2 lần so với phi&ecirc;n bản&nbsp;<a href=\"https://www.thegioididong.com/dong-ho-thong-minh-apple-watch-s3\" target=\"_blank\" title=\"Xem thêm mẫu đồng hồ Apple Watch S3\">Apple Watch S3</a>, gi&uacute;p đồng hồ hoạt động mượt m&agrave;, ổn định, đem lại những trải nghiệm th&uacute; vị.</p>\r\n\r\n<p><a href=\"https://cdn.tgdd.vn/Products/Images/7077/234918/apple-watch-se-40mm-vien-nhom-day-cao-su11.jpg\" onclick=\"return false;\"><img alt=\"Apple Watch SE 40mm viền nhôm dây cao su hồng - chip S5\" src=\"https://cdn.tgdd.vn/Products/Images/7077/234918/apple-watch-se-40mm-vien-nhom-day-cao-su11.jpg\" title=\"Apple Watch SE 40mm viền nhôm dây cao su hồng - chip S5\" /></a></p>\r\n\r\n<h3>Hệ điều h&agrave;nh watchOS 7.0 với nhiều t&iacute;nh năng tiện lợi</h3>\r\n\r\n<p>Ở phi&ecirc;n bản n&agrave;y, hệ điều h&agrave;nh WatchOS 7.0 sẽ bổ sung v&agrave; n&acirc;ng cấp hơn 40 t&iacute;nh năng mới như: Ph&aacute;t hiện rửa tay, Siri dịch nhanh, th&ecirc;m nhiều giao diện mới, chia sẻ mặt đồng hồ,&nbsp;<a href=\"https://www.thegioididong.com/dong-ho-thong-minh-theo-doi-giac-ngu\" target=\"_blank\" title=\"Xem thêm mẫu đồng hồ có tính năng theo dõi giấc ngủ\">theo d&otilde;i giấc ngủ</a>&nbsp;được chi tiết hơn, luyện tập thể thao n&acirc;ng cao, cải tiến Siri, n&acirc;ng cao bảo mật,...</p>\r\n\r\n<p><a href=\"https://cdn.tgdd.vn/Products/Images/7077/234918/apple-watch-se-40mm-vien-nhom-day-cao-su12.jpg\" onclick=\"return false;\"><img alt=\"Apple Watch SE 40mm viền nhôm dây cao su hồng - hệ điều hành watchOS 7\" src=\"https://cdn.tgdd.vn/Products/Images/7077/234918/apple-watch-se-40mm-vien-nhom-day-cao-su12.jpg\" title=\"Apple Watch SE 40mm viền nhôm dây cao su hồng - hệ điều hành watchOS 7\" /></a></p>\r\n\r\n<h3>M&agrave;n h&igrave;nh OLED với c&ocirc;ng nghệ Retina hiện đại</h3>\r\n\r\n<p>M&agrave;n h&igrave;nh của đồng hồ&nbsp;sử dụng tấm nền&nbsp;<a href=\"https://www.thegioididong.com/tin-tuc/loai-man-hinh-tft-lcd-amoled-la-gi--592346#oled\" target=\"_blank\" title=\"Xem thêm bài viết về màn hình OLED\">OLED</a>&nbsp;với độ ph&acirc;n giải&nbsp;324 x 394 pixels,&nbsp;mang đến độ sắc n&eacute;t ch&acirc;n thực, m&agrave;u sắc r&otilde; r&agrave;ng v&agrave; đẹp mắt. B&ecirc;n cạnh đ&oacute;, mặt k&iacute;nh cường lực&nbsp;<a href=\"https://www.thegioididong.com/hoi-dap/kinh-cuong-luc-ion-x-la-gi-973542\" target=\"_blank\" title=\"Xem thêm bài viết về mặt kính Ion-X\">Ion-X strengthened glass</a>&nbsp;chịu lực tốt, gi&uacute;p bảo vệ&nbsp;đồng hồ an to&agrave;n trước c&aacute;c va chạm thường ng&agrave;y.</p>\r\n\r\n<p><a href=\"https://cdn.tgdd.vn/Products/Images/7077/234918/se-40mm-vien-nhom-day-cao-su-hong-hbv-fix.jpg\" onclick=\"return false;\"><img alt=\"Apple Watch SE 40mm viền nhôm dây cao su hồng có màn hình OLED\" src=\"https://cdn.tgdd.vn/Products/Images/7077/234918/se-40mm-vien-nhom-day-cao-su-hong-hbv-fix.jpg\" title=\"Apple Watch SE 40mm viền nhôm dây cao su hồng có màn hình OLED\" /></a></p>\r\n\r\n<h3>Nghe gọi tr&ecirc;n đồng hồ th&ocirc;ng qua Bluetooth</h3>\r\n\r\n<p>Chiếc Apple Watch được trang bị t&iacute;nh năng nghe, gọi tr&ecirc;n đồng hồ, hỗ trợ người d&ugrave;ng nhận th&ocirc;ng b&aacute;o, tin nhắn tr&ecirc;n c&aacute;c nền tảng ứng dụng x&atilde; hội như (Facebook, Zalo, Viber,...) th&ocirc;ng qua kết nối Bluetooth, gi&uacute;p bạn tiện lợi hơn trong những l&uacute;c kh&ocirc;ng thể cầm điện thoại l&ecirc;n để nghe m&aacute;y.</p>\r\n\r\n<p><a href=\"https://cdn.tgdd.vn/Products/Images/7077/234918/apple-watch-se-40mm-vien-nhom-day-cao-su2.jpg\" onclick=\"return false;\"><img alt=\"Apple Watch SE 40mm viền nhôm dây cao su hồng - nhận thông báo tin nhắn\" src=\"https://cdn.tgdd.vn/Products/Images/7077/234918/apple-watch-se-40mm-vien-nhom-day-cao-su2.jpg\" title=\"Apple Watch SE 40mm viền nhôm dây cao su hồng - nhận thông báo tin nhắn\" /></a></p>\r\n\r\n<h3>Bộ sưu tập giao hiện với phong c&aacute;ch mới mẻ, đa dạng</h3>\r\n\r\n<p>Thoải m&aacute;i lựa chọn giao diện ph&ugrave; hợp với phong c&aacute;ch ri&ecirc;ng của bản th&acirc;n với bộ sưu tập giao diện đa dạng, hoặc bạn cũng c&oacute; thể t&igrave;m kiếm c&aacute;c giao diện y&ecirc;u th&iacute;ch tr&ecirc;n App Store.</p>\r\n\r\n<p><a href=\"https://cdn.tgdd.vn/Products/Images/7077/234918/apple-watch-se-40mm-vien-nhom-day-cao-su4.jpg\" onclick=\"return false;\"><img alt=\"Apple Watch SE 40mm viền nhôm dây cao su hồng - bộ sưu tập mặt đồng hồ\" src=\"https://cdn.tgdd.vn/Products/Images/7077/234918/apple-watch-se-40mm-vien-nhom-day-cao-su4.jpg\" title=\"Apple Watch SE 40mm viền nhôm dây cao su hồng - bộ sưu tập mặt đồng hồ\" /></a></p>\r\n\r\n<h3>Pin sử dụng trong 1.5 ng&agrave;y&nbsp;</h3>\r\n\r\n<p>Apple Watch SE trang bị vi&ecirc;n&nbsp;pin&nbsp;cho ph&eacute;p d&ugrave;ng được tối đa khoảng 1.5 ng&agrave;y v&agrave; chỉ mất khoảng 2 giờ để sạc đầy, gi&uacute;p bạn c&oacute; những trải nghiệm trọn vẹn trong ng&agrave;y m&agrave; kh&ocirc;ng lo gi&aacute;n đoạn giữa chừng.</p>\r\n\r\n<p><a href=\"https://cdn.tgdd.vn/Products/Images/7077/234918/apple-watch-se-40mm-vien-nhom-day-cao-su5.jpg\" onclick=\"return false;\"><img alt=\"Apple Watch SE 40mm viền nhôm dây cao su hồng - pin 1.5 ngày\" src=\"https://cdn.tgdd.vn/Products/Images/7077/234918/apple-watch-se-40mm-vien-nhom-day-cao-su5.jpg\" title=\"Apple Watch SE 40mm viền nhôm dây cao su hồng - pin 1.5 ngày\" /></a></p>\r\n\r\n<h3>T&iacute;nh năng theo d&otilde;i sức khỏe 24/24</h3>\r\n\r\n<p>- Đồng hồ được t&iacute;ch hợp t&iacute;nh năng&nbsp;<a href=\"https://www.thegioididong.com/dong-ho-thong-minh-do-nhip-tim\" target=\"_blank\" title=\"Xem thêm mẫu đồng hồ có tính năng theo dõi nhịp tim\">theo d&otilde;i nhịp tim</a>&nbsp;tiện lợi. Kết quả được hiển thị dưới dạng th&ocirc;ng số cho bạn dễ d&agrave;ng theo d&otilde;i v&agrave; c&oacute; những biện ph&aacute;p chăm s&oacute;c sức khỏe hợp l&yacute;.</p>\r\n\r\n<p>- T&iacute;nh năng theo d&otilde;i giấc ngủ cung cấp cho bạn những th&ocirc;ng tin như chất lượng giấc ngủ, khoảng thời gian người d&ugrave;ng thức hoặc thời gian ngủ trung b&igrave;nh, gi&uacute;p bạn đ&aacute;nh gi&aacute; được t&igrave;nh trạng của m&igrave;nh v&agrave; thay đổi để x&acirc;y dựng th&oacute;i quen đi ngủ đều đặn, tốt cho sức khỏe. Ngo&agrave;i ra, t&iacute;nh năng n&agrave;y c&ograve;n đưa ra một số lời khuy&ecirc;n để bạn cải thiện giấc ngủ của m&igrave;nh được tốt hơn. Tuy nhi&ecirc;n, người d&ugrave;ng cần phải đeo đồng hồ trong l&uacute;c ngủ th&igrave; mới c&oacute; thể thực hiện t&iacute;nh năng n&agrave;y.</p>\r\n\r\n<p><a href=\"https://cdn.tgdd.vn/Products/Images/7077/234918/apple-watch-se-40mm-vien-nhom-day-cao-su6.jpg\" onclick=\"return false;\"><img alt=\"Apple Watch SE 40mm viền nhôm dây cao su hồng - theo dõi sức khỏe\" src=\"https://cdn.tgdd.vn/Products/Images/7077/234918/apple-watch-se-40mm-vien-nhom-day-cao-su6.jpg\" title=\"Apple Watch SE 40mm viền nhôm dây cao su hồng - theo dõi sức khỏe\" /></a></p>\r\n\r\n<h3>Bảo vệ sức khỏe của bản th&acirc;n với t&iacute;nh năng ph&aacute;t hiện t&eacute; ng&atilde;</h3>\r\n\r\n<p>Khi ph&aacute;t hiện người d&ugrave;ng gặp sự cố t&eacute; ng&atilde;,&nbsp;<a href=\"https://www.thegioididong.com/dong-ho-thong-minh-apple\" target=\"_blank\" title=\"Xem thêm mẫu đồng hồ dòng Apple Watch\">Apple Watch</a>&nbsp;sẽ gửi cảnh b&aacute;o SOS, nếu người d&ugrave;ng nằm bất động hay kh&ocirc;ng tắt cảnh b&aacute;o n&agrave;y trong khoảng 15 gi&acirc;y th&igrave;&nbsp;sẽ tự động gọi đến c&aacute;c dịch vụ khẩn cấp hoặc c&aacute;c số li&ecirc;n lạc đ&atilde; lưu trước đ&oacute;, gi&uacute;p bạn tr&aacute;nh được những rủi ro hoặc tai nạn bất ngờ.</p>\r\n\r\n<p><a href=\"https://cdn.tgdd.vn/Products/Images/7077/234918/apple-watch-se-40mm-vien-nhom-day-cao-su7.jpg\" onclick=\"return false;\"><img alt=\"Apple Watch SE 40mm viền nhôm dây cao su hồng - phát hiện té ngã\" src=\"https://cdn.tgdd.vn/Products/Images/7077/234918/apple-watch-se-40mm-vien-nhom-day-cao-su7.jpg\" title=\"Apple Watch SE 40mm viền nhôm dây cao su hồng - phát hiện té ngã\" /></a></p>\r\n\r\n<h3>Nhiều chế độ tập luyện kh&aacute;c nhau được t&iacute;ch hợp tr&ecirc;n đồng hồ</h3>\r\n\r\n<p>Nhiều b&agrave;i tập&nbsp;theo c&aacute;c bộ m&ocirc;n thể thao như: leo n&uacute;i, chạy bộ, đạp xe, bơi lội, yoga,... với nhiều mức độ từ cơ bản đến n&acirc;ng cao cho bạn một chế độ tập luyện b&agrave;i bản, ', '45mm', ' 5ATM', 'Ion-X strengthened glass', 'Pin', '30mm', 'Silicone, Nhôm', 'Nhôm', 'Đồng hồ Nam, Đồng hồ Nữ', 'USA', ' Bảo hành quốc tế 02 năm'),
(85, 'Apple Watch Series 7 LTE 45mm', 15000000, 17000000, 500, 'vi-vn-apple-watch-s7-lte-45mm-vien-nhom-1.jpg', 'vi-vn-apple-watch-s7-lte-45mm-vien-nhom-2.jpg', 'vi-vn-apple-watch-s7-lte-45mm-vien-nhom-3.jpg', 'apple-watch-s7-lte-45mm-giao-dien-1020x570.jpg', 'vi-vn-apple-watch-s7-lte-45mm-vien-nhom-5.jpg', 7, 'dong ho thong minh', '<h3>Thiết kế hiện đại v&agrave; thời thượng</h3>\r\n\r\n<p><a href=\"https://www.thegioididong.com/dong-ho-thong-minh/apple-watch-s7-lte-45mm\" target=\"_blank\" title=\"Apple Watch S7 LTE 45mm viền nhôm dây cao su\" type=\"Apple Watch S7 LTE 45mm viền nhôm dây cao su\">Apple Watch S7 LTE 45 mm d&acirc;y silicone</a>&nbsp;c&oacute; thiết kế được n&acirc;ng cấp hơn so với phi&ecirc;n bản S6. Khung viền bằng nh&ocirc;m t&aacute;i chế 100% gi&uacute;p bảo vệ m&ocirc;i trường, c&aacute;c g&oacute;c bo tr&ograve;n mềm mại, viền đồng hồ chỉ mỏng 1.7 mm (mỏng hơn 40% phần viền so với Apple Watch S6). Mặt đồng hồ c&oacute; k&iacute;ch thước 1.77 inch được v&aacute;c cong tạo cảm gi&aacute;c liền mạch hơn với khung viền, diện t&iacute;ch m&agrave;n h&igrave;nh tăng&nbsp;20% so với phi&ecirc;n bản cũ.&nbsp;</p>\r\n\r\n<p>Nội dung văn bản hiển thị tr&ecirc;n m&agrave;n h&igrave;nh nhiều hơn đến 50% so với Series 6 gi&uacute;p người d&ugrave;ng nắm bắt được nhiều th&ocirc;ng tin hơn, đọc được nhiều tin nhắn hơn tr&ecirc;n c&ugrave;ng một m&agrave;n h&igrave;nh.</p>\r\n\r\n<p><a href=\"https://cdn.tgdd.vn/Products/Images/7077/250640/apple-watch-s7-lte-45mm-vien-nhom-2.jpg\" onclick=\"return false;\"><img alt=\"Apple Watch Series 7 LTE 45mm - Thiết kế\" src=\"https://cdn.tgdd.vn/Products/Images/7077/250640/apple-watch-s7-lte-45mm-vien-nhom-2.jpg\" title=\"Apple Watch Series 7 LTE 45mm - Thiết kế\" /></a></p>\r\n\r\n<h3>M&agrave;n h&igrave;nh OLED cho h&igrave;nh ảnh sống động, m&agrave;u sắc r&otilde; n&eacute;t</h3>\r\n\r\n<p>Tấm nền OLED c&oacute; độ ph&acirc;n giải 484 x 396 pixels cho khả năng hiển thị tốt ngay cả trong điều kiện &aacute;nh s&aacute;ng gắt. Ngo&agrave;i ra,&nbsp;<a href=\"https://www.thegioididong.com/dong-ho-thong-minh-apple-watch-series-7\" target=\"_blank\" title=\"Xem thêm một số mẫu đồng hồ thông minh Apple Watch S7 đang kinh doanh tại Thế Giới Di Động\" type=\"Xem thêm một số mẫu đồng hồ thông minh Apple Watch S7 đang kinh doanh tại Thế Giới Di Động\">Apple Watch S7</a>&nbsp;c&ograve;n hỗ trợ t&iacute;nh năng Always-On Retina display, m&agrave;n h&igrave;nh s&aacute;ng hơn 70% so với Series 6, cho ph&eacute;p xem giờ hoặc th&ocirc;ng b&aacute;o m&agrave; kh&ocirc;ng cần nhấc cổ tay hay chạm v&agrave;o đồng hồ.</p>\r\n\r\n<p>Được giới thiệu l&agrave;&nbsp;Apple Watch bền nhất từ ​​trước đến nay, với mặt k&iacute;nh&nbsp;Ion-X strengthened glass d&agrave;y hơn 50% so với c&aacute;c phi&ecirc;n bản trước, đem lại sự chắc chắn, chống nứt vỡ tốt hơn,&nbsp;bảo vệ mặt đồng hồ trước những lực t&aacute;c động mạnh.</p>\r\n\r\n<p><a href=\"https://cdn.tgdd.vn/Products/Images/7077/250640/apple-watch-s7-lte-45mm-vien-nhom-9-1.jpg\" onclick=\"return false;\"><img alt=\"Apple Watch Series 7 LTE 45mm - Màn hình hiển thị\" src=\"https://cdn.tgdd.vn/Products/Images/7077/250640/apple-watch-s7-lte-45mm-vien-nhom-9-1.jpg\" title=\"Apple Watch Series 7 LTE 45mm - Màn hình hiển thị\" /></a></p>\r\n\r\n<h3>Hệ điều h&agrave;nh WatchOS 8 tối ưu tốt</h3>\r\n\r\n<p>- Hệ điều h&agrave;nh WatchOS 8 c&oacute; giao diện mượt m&agrave; v&agrave; dễ sử dụng hơn được Apple thiết kế ri&ecirc;ng nhằm tối ưu hiển thị cho m&agrave;n h&igrave;nh lớn tr&ecirc;n Apple Watch S7. WatchOS 8 được trang bị nhiều t&iacute;nh năng như theo d&otilde;i sức khỏe, hỗ trợ c&aacute;c b&agrave;i tập thể thao, theo d&otilde;i giấc ngủ, t&iacute;nh lượng calories ti&ecirc;u thụ,...&nbsp;</p>\r\n\r\n<p>-&nbsp;C&aacute;c n&uacute;t bấm tr&ecirc;n m&agrave;n h&igrave;nh được thiết kế lớn hơn, dễ bấm hơn gi&uacute;p đơn giản h&oacute;a việc tương t&aacute;c với m&agrave;n h&igrave;nh.&nbsp;B&agrave;n ph&iacute;m fullsize hỗ trợ người d&ugrave;ng c&oacute; thể g&otilde;, lướt QuickPath. Hơn nữa,&nbsp;<a href=\"https://www.thegioididong.com/dong-ho-thong-minh\" target=\"_blank\" title=\"Xem thêm một số mẫu đồng hồ thông minh\">đồng hồ th&ocirc;ng minh</a>&nbsp;n&agrave;y c&ograve;n c&oacute; machine learning, c&oacute; thể dự đo&aacute;n từ tiếp theo dựa tr&ecirc;n ngữ cảnh, gi&uacute;p nhập văn bản dễ d&agrave;ng v&agrave; nhanh ch&oacute;ng hơn.</p>\r\n\r\n<p>Lưu &yacute;: Hệ điều h&agrave;nh WatchOS 8 y&ecirc;u cầu được gh&eacute;p nối với iPhone (từ iPhone 6s trở l&ecirc;n) cập nhật hệ điều h&agrave;nh iOS phi&ecirc;n bản mới nhất</p>\r\n\r\n<p><a href=\"https://cdn.tgdd.vn/Products/Images/7077/250640/apple-watch-s7-lte-45mm-vien-nhom-4.jpg\" onclick=\"return false;\"><img alt=\"Apple Watch Series 7 LTE 45mm - WatchOS 8\" src=\"https://cdn.tgdd.vn/Products/Images/7077/250640/apple-watch-s7-lte-45mm-vien-nhom-4.jpg\" title=\"Apple Watch Series 7 LTE 45mm - WatchOS 8\" /></a></p>\r\n\r\n<h3>Nghe gọi trực tiếp tr&ecirc;n đồng hồ</h3>\r\n\r\n<p>Mẫu đồng hồ th&ocirc;ng minh n&agrave;y c&oacute; hỗ trợ&nbsp;<a href=\"https://www.thegioididong.com/dong-ho-thong-minh-esim\" target=\"_blank\" title=\"Xem thêm mẫu đồng hồ có tính năng hỗ trợ eSim\">eSim</a>&nbsp;gi&uacute;p bạn c&oacute; thể đ&agrave;m thoại trực tiếp ngay tr&ecirc;n đồng hồ m&agrave; kh&ocirc;ng cần đến điện thoại. Kết nối qua Bluetooth v5.0 để nhận những th&ocirc;ng b&aacute;o tin nhắn, c&aacute;c cuộc gọi, Messenger, Zalo, Line,...</p>\r\n\r\n<p>Xem th&ecirc;m:&nbsp;<a href=\"https://www.thegioididong.com/hoi-dap/esim-la-gi-esim-co-su-dung-duoc-o-viet-nam-khong-1118062#subhmenuid7\" target=\"_blank\" title=\"eSIM là gì? Việt Nam có sử dụng được không? Cách chuyển sang eSIM\" type=\"eSIM là gì? Việt Nam có sử dụng được không? Cách chuyển sang eSIM\">C&aacute;ch kết nối eSIM tr&ecirc;n smartwatch</a></p>\r\n\r\n<p><a href=\"https://cdn.tgdd.vn/Products/Images/7077/250640/apple-watch-s7-lte-45mm-vien-nhom-08.jpg\" onclick=\"return false;\"><img alt=\"Apple Watch Series 7 LTE 45mm - Hỗ trợ eSim\" src=\"https://cdn.tgdd.vn/Products/Images/7077/250640/apple-watch-s7-lte-45mm-vien-nhom-08.jpg\" title=\"Apple Watch Series 7 LTE 45mm - Hỗ trợ eSim\" /></a></p>\r\n\r\n<h3>Thời lượng pin 1.5 ng&agrave;y, sạc đầy nhanh ch&oacute;ng</h3>\r\n\r\n<p>Thời lượng pin tr&ecirc;n S7 cho thời gian sử dụng khoảng 1.5 ng&agrave;y chỉ với một lần sạc đầy trong 2 giờ v&agrave; tốc độ nhanh hơn so với Apple Watch S6 l&agrave; 33%.</p>\r\n\r\n<p>Lưu &yacute;: Thời lượng n&agrave;y c&oacute; thể thay đổi t&ugrave;y theo mức độ sử dụng. T&iacute;nh năng sạc nhanh hiện kh&ocirc;ng khả dụng tại Việt Nam.</p>\r\n\r\n<p><a href=\"https://cdn.tgdd.vn/Products/Images/7077/250640/apple-watch-s7-lte-45mm-vien-nhom-7.jpg\" onclick=\"return false;\"><img alt=\"Apple Watch Series 7 LTE 45mm - Thời lượng pin\" src=\"https://cdn.tgdd.vn/Products/Images/7077/250640/apple-watch-s7-lte-45mm-vien-nhom-7.jpg\" title=\"Apple Watch Series 7 LTE 45mm - Thời lượng pin\" /></a></p>\r\n\r\n<h3>Bộ sưu tập mặt đồng hồ đa dạng</h3>\r\n\r\n<p>Ở phi&ecirc;n bản lần n&agrave;y c&oacute; bộ sưu tập mặt đồng hồ cũng rất phong ph&uacute;, đa dạng với nhiều phong c&aacute;ch kh&aacute;c nhau, trong đ&oacute; ấn tượng với mặt đồng hồ &quot;Contour&quot; - đưa mặt số nằm ngay cạnh m&agrave;n h&igrave;nh v&agrave; chuyển động linh hoạt suốt cả ng&agrave;y, nhấn mạnh giờ hiện tại.&nbsp;</p>\r\n\r\n<p>Ngo&agrave;i ra, người d&ugrave;ng cũng c&oacute; thể tự tạo mặt đồng hồ theo sở th&iacute;ch của bản th&acirc;n, lu&ocirc;n l&agrave;m mới chiếc đồng hồ tr&ecirc;n tay theo c&aacute;ch ri&ecirc;ng của bạn.</p>\r\n\r\n<p><a href=\"https://cdn.tgdd.vn/Products/Images/7077/250640/apple-watch-s7-lte-45mm-vien-nhom-6.jpg\" onclick=\"return false;\"><img alt=\"Apple Watch Series 7 LTE 45mm - Bộ sưu tập mặt đồng hồ\" src=\"https://cdn.tgdd.vn/Products/Images/7077/250640/apple-watch-s7-lte-45mm-vien-nhom-6.jpg\" title=\"Apple Watch Series 7 LTE 45mm - Bộ sưu tập mặt đồng hồ\" /></a></p>\r\n\r\n<h3>Hỗ trợ quản l&yacute; sức khỏe tối ưu</h3>\r\n\r\n<p>- Trang bị cảm biến nhịp tim quang học thế hệ 3 hiện đại, hỗ trợ&nbsp;<a href=\"https://www.thegioididong.com/dong-ho-thong-minh-do-nhip-tim\" target=\"_blank\" title=\"Xem thêm các mẫu đồng hồ thông minh có chức năng đo nhịp tim\">đo nhịp tim</a>&nbsp;ch&iacute;nh x&aacute;c, li&ecirc;n tục trong 24 giờ. Người d&ugrave;ng c&oacute; thể xem dữ liệu nhịp tim ngay tr&ecirc;n cổ tay của m&igrave;nh một c&aacute;ch nhanh ch&oacute;ng.</p>\r\n\r\n<p>- Chức năng&nbsp;<a href=\"https://www.thegioididong.com/dong-ho-thong-minh-theo-doi-giac-ngu\" target=\"_blank\" title=\"Xem thêm mẫu đồng hồ có tính năng theo dõi giấc ngủ\">theo d&otilde;i giấc ngủ</a>&nbsp;cung cấp th&ocirc;ng tin về chất lượng giấc ngủ để bạn đ&aacute;nh gi&aacute; v&agrave; thiết lập th&oacute;i quen ngủ hợp l&yacute; v&agrave; l&agrave;nh mạnh.</p>\r\n\r\n<p>-&nbsp;<a href=\"https://www.thegioididong.com/dong-ho-thong-minh-apple\" target=\"_blank\" title=\"Xem thêm một số mẫu đồng hồ thông minh Apple Watch đang kinh doanh tại Thế Giới Di Động\" type=\"Xem thêm một số mẫu đồng hồ thông minh Apple Watch đang kinh doanh tại Thế Giới Di Động\">Apple Watch</a>&nbsp;c&ograve;n t&iacute;ch hợp th&ecirc;m c&aacute;c t&iacute;nh năng theo d&otilde;i sức khỏe như đo điện t&acirc;m đồ&nbsp;<a href=\"https://www.thegioididong.com/hoi-dap/ecg-la-gi-dung-de-lam-gi-co-tren-cac-thiet-bi-nao-1201196\" target=\"_blank\" title=\"ECG là gì?\" type=\"ECG là gì?\">ECG</a>,&nbsp;<a href=\"https://www.thegioididong.com/hoi-dap/tinh-nang-do-chi-so-spo2-va-vo2-max-tren-smartwatch-la-gi-1279892#hmenuid1\" target=\"_blank\" title=\"Tìm hiểu thêm về tính năng đo nồng độ oxy trong máu (chỉ số SpO2)\">đo nồng độ oxy trong m&aacute;u</a>&nbsp;SpO2,... gi&uacute;p người d&ugrave;ng sớm theo d&otilde;i c&aacute;c vấn đề về sức khỏe của bản th&acirc;n.</p>\r\n\r\n<p><a href=\"https://cdn.tgdd.vn/Products/Images/7077/250640/apple-watch-s7-lte-45mm-vien-nhom-11.jpg\" onclick=\"return false;\"><img alt=\"Apple Watch Series 7 LTE 45mm - Chăm sóc sức khoẻ\" src=\"https://cdn.tgdd.vn/Products/Images/7077/250640/apple-watch-s7-lte-45mm-vien-nhom-11.jpg\" title=\"Apple Watch Series 7 LTE 45mm - Chăm sóc sức khoẻ\" /></a></p>\r\n\r\n<h3>T&iacute;nh năng ph&aacute;t hiện t&eacute; ng&atilde;</h3>\r\n\r\n<p>Với t&iacute;nh năng n&agrave;y sẽ hỗ trợ bạn gửi SOS tới số điện thoại đ&atilde; được cung cấp trước đ&oacute; mỗi khi bạn bị ng&atilde; v&agrave; bất động trong 15 gi&acirc;y.</p>\r\n\r\n<p>Ở phi&ecirc;n bản n&acirc;ng cấp n&agrave;y, Apple Watch S7 đ&atilde; sử dụ', '45mm', ' 5ATM', 'Ion-X strengthened glass', 'Pin', 'Free size', 'Silicone, Nhôm', 'Nh', '', '', ''),
(86, 'Apple Watch Series 7 GPS 41mm', 9660000, 11600000, 500, 'vi-vn-apple-watch-s7-41mm-1.jpg', 'vi-vn-apple-watch-s7-41mm-2.jpg', 'vi-vn-apple-watch-s7-41mm-3.jpg', 'vi-vn-apple-watch-s7-41mm-4.jpg', 'vi-vn-apple-watch-s7-41mm-5.jpg', 7, 'dong ho thong minh', '<h3>Kiểu d&aacute;ng hiện đại, thời thượng</h3>\r\n\r\n<p>Thiết kế của&nbsp;<a href=\"https://www.thegioididong.com/dong-ho-thong-minh/apple-watch-s7-41mm\" target=\"_blank\" title=\"Siêu Phẩm Watch GPS 41mm viền nhôm dây cao su đang kinh doanh tại Thế Giới Di Động\">Apple Watch S7 GPS 41 mm</a>&nbsp;thừa hưởng nhiều n&eacute;t tương đồng với&nbsp; &quot;người anh&quot; Apple Watch S6 nhưng c&aacute;c g&oacute;c cạnh được v&aacute;t tr&ograve;n mềm mại hơn mang đến cho người đeo cảm gi&aacute;c thanh lịch nhưng kh&ocirc;ng k&eacute;m phần năng động. Chiếc&nbsp;<a href=\"https://www.thegioididong.com/dong-ho-thong-minh\" target=\"_blank\" title=\"Xem thêm các mẫu đồng hồ thông minh đang kinh doanh tại Thế Giới Di Động\">smartwatch</a>&nbsp;thế hệ thứ 7 được nh&agrave; T&aacute;o trang bị m&agrave;n h&igrave;nh&nbsp;OLED 1.61 inch với viền m&agrave;n h&igrave;nh mỏng hơn 40%, n&acirc;ng diện t&iacute;ch m&agrave;n h&igrave;nh l&ecirc;n 20% v&agrave; nội dung hiển thị tr&ecirc;n m&agrave;n h&igrave;nh cũng nhiều hơn 50% so với thế hệ cũ.</p>\r\n\r\n<p>Khung viền của&nbsp;<a href=\"https://www.thegioididong.com/dong-ho-deo-tay\" target=\"_blank\" title=\"Xem thêm các mẫu đồng hồ đang kinh doanh tại Thế Giới Di Động\">đồng hồ</a>&nbsp;được l&agrave;m từ chất liệu nh&ocirc;m th&acirc;n thiện với m&ocirc;i trường, c&oacute; thể t&aacute;i chế 100%. D&acirc;y đeo silicone c&oacute; độ đ&agrave;n hồi tốt, kh&ocirc;ng thấm nước n&ecirc;n ho&agrave;n to&agrave;n thoải m&aacute;i khi sử dụng để tập thể thao hay tham gia c&aacute;c hoạt động ngo&agrave;i trời.</p>\r\n\r\n<p><a href=\"https://cdn.tgdd.vn/Products/Images/7077/249906/apple-watch-s7-41mm-2-1.jpg\" onclick=\"return false;\"><img alt=\"Apple Watch Series 7 GPS 41mm - Thiết kế\" src=\"https://cdn.tgdd.vn/Products/Images/7077/249906/apple-watch-s7-41mm-2-1.jpg\" title=\"Apple Watch Series 7 GPS 41mm - Thiết kế\" /></a></p>\r\n\r\n<h3>Hệ điều h&agrave;nh Watch OS 8 với những cải tiến nổi bật</h3>\r\n\r\n<p>Hệ điều h&agrave;nh Watch OS 8 sở hữu giao diện tối ưu với c&aacute;c n&uacute;t bấm lớn, dễ sử dụng c&ugrave;ng b&agrave;n ph&iacute;m qwerty full-size t&iacute;ch hợp c&ugrave;ng t&iacute;nh năng&nbsp;QuickPath cho ph&eacute;p g&otilde; chữ bằng c&aacute;c thao t&aacute;c vuốt chạm tr&ecirc;n b&agrave;n ph&iacute;m. Đặc biệt, chiếc đồng hồ n&agrave;y c&ograve;n được Apple ứng dụng machine learning c&oacute; khả năng dự đo&aacute;n cụm từ tiếp theo người d&ugrave;ng sẽ nhập dựa v&agrave;o ngữ cảnh của cuộc tr&ograve; chuyện, hỗ trợ nhập văn bản nhanh hơn.</p>\r\n\r\n<p>Lưu &yacute;: Hệ điều h&agrave;nh WatchOS 8.0 y&ecirc;u cầu iPhone được gh&eacute;p nối sử dụng iOS phi&ecirc;n bản mới nhất (hỗ trợ từ iPhone 6s trở l&ecirc;n).</p>\r\n\r\n<p><a href=\"https://cdn.tgdd.vn/Products/Images/7077/249906/apple-watch-s7-41mm-4.jpg\" onclick=\"return false;\"><img alt=\"Apple Watch Series 7 GPS 41mm - watchOS 8.0\" src=\"https://cdn.tgdd.vn/Products/Images/7077/249906/apple-watch-s7-41mm-4.jpg\" title=\"Apple Watch Series 7 GPS 41mm - watchOS 8.0\" /></a></p>\r\n\r\n<h3><a href=\"https://www.thegioididong.com/hoi-dap/man-hinh-oled-la-gi-905762\" target=\"_blank\" title=\"Màn hình OLED là gì? Đặc điểm nổi bật của màn hình OLED\">M&agrave;n h&igrave;nh OLED</a>&nbsp;lu&ocirc;n lu&ocirc;n hiển thị</h3>\r\n\r\n<p>M&agrave;n h&igrave;nh l&agrave; một trong những thay đổi dễ nhận thấy nhất tr&ecirc;n c&aacute;c d&ograve;ng&nbsp;<a href=\"https://www.thegioididong.com/dong-ho-thong-minh-apple-watch-series-7\" target=\"_blank\" title=\"Xem thêm các mẫu đồng hồ thông minh Apple Watch S7 đang kinh doanh tại Thế Giới Di Động\">Apple Watch S7</a>&nbsp;với viền m&agrave;n h&igrave;nh si&ecirc;u mỏng 1.7 mm c&ugrave;ng tấm nền OLED&nbsp;1.61 inch c&oacute; độ ph&acirc;n giải 430 x 352 pixels cho khả năng t&aacute;i hiện h&igrave;nh ảnh sống động, m&agrave;u sắc trung thực. Bảo vệ cho m&agrave;n h&igrave;nh l&agrave; mặt k&iacute;nh cường lực Ion-X d&agrave;y hơn đến 50% so với d&ograve;ng S6 gi&uacute;p tăng khả năng chống chịu trước ngoại lực, hạn chế nứt vỡ v&agrave; gia cố độ bền cho đồng hồ.</p>\r\n\r\n<p><a href=\"https://cdn.tgdd.vn/Products/Images/7077/249906/apple-watch-s7-41mm-8-1.jpg\" onclick=\"return false;\"><img alt=\"Apple Watch Series 7 GPS 41mm - Màn hình hiển thị\" src=\"https://cdn.tgdd.vn/Products/Images/7077/249906/apple-watch-s7-41mm-8-1.jpg\" title=\"Apple Watch Series 7 GPS 41mm - Màn hình hiển thị\" /></a></p>\r\n\r\n<p>Ngo&agrave;i ra, Apple Watch c&ograve;n hỗ trợ chế độ&nbsp;<a href=\"https://www.thegioididong.com/dong-ho-thong-minh?g=man-hinh-luon-hien-thi\" target=\"_blank\" title=\"Xem thêm các mẫu đồng hồ có màn hình luôn hiển thị đang kinh doanh tại Thế Giới Di Động\">Always On Display</a>&nbsp;được cải tiến cho độ s&aacute;ng cao hơn 70% khi so s&aacute;nh với&nbsp;Apple Watch S6, cho ph&eacute;p người d&ugrave;ng theo d&otilde;i thời gian nhanh ch&oacute;ng m&agrave; kh&ocirc;ng cần nhấc cổ tay hay chạm v&agrave;o m&agrave;n h&igrave;nh nhưng vẫn kh&ocirc;ng g&acirc;y ti&ecirc;u hao nhiều năng lượng của m&aacute;y.</p>\r\n\r\n<p><a href=\"https://cdn.tgdd.vn/Products/Images/7077/249906/apple-watch-s7-41mm-5.jpg\" onclick=\"return false;\"><img alt=\"Apple Watch Series 7 GPS 41mm - Màn hình luôn hiển thị\" src=\"https://cdn.tgdd.vn/Products/Images/7077/249906/apple-watch-s7-41mm-5.jpg\" title=\"Apple Watch Series 7 GPS 41mm - Màn hình luôn hiển thị\" /></a></p>\r\n\r\n<h3>Sử dụng l&ecirc;n đến 1.5 ng&agrave;y cho một lần sạc</h3>\r\n\r\n<p>Mẫu&nbsp;<a href=\"https://www.thegioididong.com/dong-ho-thong-minh-apple\" target=\"_blank\" title=\"Xem thêm các mẫu đồng hồ thông minh Apple Watch đang kinh doanh tại Thế Giới Di Động\">Apple Watch</a>&nbsp;g&acirc;y ấn tượng bởi thời lượng pin l&ecirc;n đến 1.5 ng&agrave;y cho vi&ecirc;n pin c&oacute; dung lượng 265.9 mAh. M&aacute;y sẽ nạp năng lượng qua ổ sạc từ t&iacute;nh v&agrave; cổng USB-C thay v&igrave; USB-A như phi&ecirc;n bản tiền nhiệm.</p>\r\n\r\n<p>Lưu &yacute;: T&iacute;nh năng sạc nhanh hiện kh&ocirc;ng khả dụng tại Việt Nam.</p>\r\n\r\n<p><a href=\"https://cdn.tgdd.vn/Products/Images/7077/249906/apple-watch-s7-41mm-7.jpg\" onclick=\"return false;\"><img alt=\"Apple Watch Series 7 GPS 41mm - Thời gian sử dụng\" src=\"https://cdn.tgdd.vn/Products/Images/7077/249906/apple-watch-s7-41mm-7.jpg\" title=\"Apple Watch Series 7 GPS 41mm - Thời gian sử dụng\" /></a></p>\r\n\r\n<h3>Dễ d&agrave;ng kết nối với&nbsp;<a href=\"https://www.thegioididong.com/dtdd\" target=\"_blank\" title=\"Xem thêm các mẫu điện thoại đang kinh doanh tại Thế Giới Di Động\">điện thoại</a>&nbsp;qua Bluetooth</h3>\r\n\r\n<p>Tất tần tật những dữ liệu về cuộc gọi, tin nhắn hay th&ocirc;ng b&aacute;o của c&aacute;c ứng dụng nhắn tin phổ biến như Messenger, Zalo, Viber,... đều c&oacute; thể truy cập ngay tr&ecirc;n đồng hồ th&ocirc;ng qua kết nối Bluetooth&nbsp;v5.0 gi&uacute;p bạn kh&ocirc;ng bỏ lỡ những sự kiện quan trọng.</p>\r\n\r\n<h3>Bổ sung th&ecirc;m mặt đồng hồ v&agrave;o lựa chọn của bạn</h3>\r\n\r\n<p>B&ecirc;n cạnh bộ sưu tập mặt đồng hồ c&oacute; sẵn, T&aacute;o Khuyết đ&atilde; cho ra mắt th&ecirc;m một số giao diện d&agrave;nh ri&ecirc;ng cho những chiếc&nbsp;Apple Watch S7 như mặt đồng hồ &quot;Contour&quot; độc đ&aacute;o với c&aacute;c con số chuyển động đẹp mắt hay mặt đồng hồ &quot;Modular Duo&quot; phi&ecirc;n bản mới c&oacute; thể t&iacute;ch hợp nhiều t&iacute;nh năng hơn l&ecirc;n m&agrave;n h&igrave;nh ch&iacute;nh v&agrave; v&ocirc; v&agrave;n c&aacute;c giao diện sinh động kh&aacute;c&nbsp;cho người d&ugrave;ng tự do lựa chọn v&agrave; c&aacute; nh&acirc;n h&oacute;a theo sở th&iacute;ch.</p>\r\n\r\n<p><a href=\"https://cdn.tgdd.vn/Products/Images/7077/249906/apple-watch-s7-41mm-6.jpg\" onclick=\"return false;\"><img alt=\"Apple Watch Series 7 GPS 41mm - Thay màn hình\" src=\"https://cdn.tgdd.vn/Products/Images/7077/249906/apple-watch-s7-41mm-6.jpg\" title=\"Apple Watch Series 7 GPS 41mm - Thay màn hình\" /></a></p>\r\n\r\n<h3>Theo d&otilde;i sức khỏe mọi l&uacute;c mọi nơi</h3>\r\n\r\n<p>Đồng hồ th&ocirc;ng minh được t&iacute;ch hợp cảm biến&nbsp;<a href=\"https://www.thegioididong.com/dong-ho-thong-minh-do-nhip-tim\" target=\"_blank\" title=\"Xem thêm các mẫu đồng hồ thông minh đo nhịp tim đang kinh doanh tại Thế Giới Di Động\">đo nhịp tim</a>&nbsp;cho ph&eacute;p người d&ugrave;ng kiểm tra nhịp tim trong l&uacute;c luyện tập để được cảnh b&aacute;o kịp thời về c&aacute;c dấu hiệu bất thường cũng như gợi &yacute; chế độ phục hồi hợp l&yacute;. Chưa dừng lại ở đ&oacute;, chiếc đồng hồ n&agrave;y c&ograve;n c&oacute; thể&nbsp;<a href=\"https://www.thegioididong.com/dong-ho-thong-minh-theo-doi-giac-ngu\" target=\"_blank\" title=\"Xem thêm các mẫu đồng hồ có tính năng theo dõi giấc ngủ đang kinh doanh tại Thế Giới Di Động\">đ&aacute;nh gi&aacute; chất lượng giấc ngủ</a>&nbsp;để x&aacute;c định thời điểm bạn đi v&agrave;o giấc ngủ v&agrave; thời điểm bạn thức giấc. Từ đ&oacute;, t&igrave;m ra những yếu tố g&acirc;y ảnh hưởng đến giấc ngủ v&agrave; đề xuất những phương &aacute;n gi&uacute;p bạn c&acirc;n bằng cuộc sống.</p>\r\n\r\n<p><a href=\"https://cdn.tgdd.vn/Products/Images/7077/249906/apple-watch-s7-41mm-10.jpg\" onclick=\"return false;\"><img alt=\"Apple Watch Series 7 GPS 41mm - Theo dõi sức khoẻ\" src=\"https://cdn.tgdd.vn/Products/Images/7077/249906/apple-watch-s7-41mm-10.jpg\" title=\"Apple Watch Series 7 GPS 41mm - Theo dõi sức khoẻ\" /></a></p>\r\n\r\n<h3>Đo nồng độ oxy trong m&aacute;u v&agrave; điện t&acirc;m đồ</h3>\r\n\r\n<p>Tiếp tục l&agrave; c&aacute;c t&iacute;nh năng về chăm s&oacute;c sức khỏe đ&aacute;ng ch&uacute; &yacute; kh&aacute;c cũng c&oacute; mặt tr&ecirc;n Apple Watch S7:</p>\r\n\r\n<p>-&nbsp;<a href=\"https://www.thegioididong.com/dong-ho-thong-minh?g=do-nong-do-oxy-trong-mau-spo2\" target=\"_blank\" title=\"Xem thêm các mẫu đồng hồ thông minh đo nồng độ oxy trong máu đang kinh doanh tại Thế Giới Di Động\">Nồng độ oxy trong m&aacute;u SpO2</a>&nbsp;được đo lường từ một cảm biến được đặt ở mặt sau đồng hồ, hoạt động theo cơ chế chiếu &aacute;nh s&aacute;ng qua c&aacute;c mạch m&aacute;u ở cổ tay để t&iacute;nh to&aacute;n chỉ số SpO2.</p>\r\n\r\n<p>- Đo điện t&acirc;m đồ ECG l&agrave; một b&agrave;i kiểm tra ngắn được thực', '42mm', ' 3ATM', 'Ion-X strengthened glass', 'Pin', 'Free size', 'Silicone, Nhôm', 'Nhôm', 'Đồng hồ Nam, Đồng hồ Nữ', 'USA', ' Bảo hành quốc tế 02 năm'),
(87, 'Apple Watch Series 7 GPS 45mm', 11359000, 13000000, 500, 'vi-vn-apple-watch-s7-41mm-1.jpg', 'vi-vn-apple-watch-s7-41mm-2.jpg', 'vi-vn-apple-watch-s7-41mm-3.jpg', 'vi-vn-apple-watch-s7-41mm-4.jpg', 'vi-vn-apple-watch-s7-41mm-5.jpg', 7, 'dong ho thong minh', '<h3>Phong c&aacute;ch sang trọng, kiểu d&aacute;ng tinh tế</h3>\r\n\r\n<p>Apple vừa cho ra mắt h&agrave;ng loạt si&ecirc;u phẩm khiến người d&ugrave;ng kh&ocirc;ng khỏi trầm trồ, trong đ&oacute; c&oacute; chiếc&nbsp;<a href=\"https://www.thegioididong.com/dong-ho-thong-minh/apple-watch-s7-45mm\" target=\"_blank\" title=\"Apple Watch GPS 45mm viền nhôm dây cao su\">Apple Watch S7 GPS 45 mm</a>.&nbsp;Mẫu đồng hồ n&agrave;y mang vẻ ngo&agrave;i tinh tế hơn với m&agrave;n h&igrave;nh tr&agrave;n viền v&agrave; c&aacute;c g&oacute;c được bo tr&ograve;n mềm mại. Diện t&iacute;ch m&agrave;n h&igrave;nh của đồng hồ tăng l&ecirc;n 20%, m&agrave;n h&igrave;nh hiển thị được nhiều nội dung hơn, cụ thể l&agrave; hơn 50% so với d&ograve;ng S6 gi&uacute;p người d&ugrave;ng nắm bắt th&ocirc;ng tin một c&aacute;ch nhanh ch&oacute;ng m&agrave; kh&ocirc;ng cần sử dụng thao t&aacute;c vuốt nhiều lần.</p>\r\n\r\n<p>Trong lần ra mắt n&agrave;y, Apple trang bị cho d&ograve;ng S7 khung viền bằng nh&ocirc;m t&aacute;i chế 100% gi&uacute;p bảo vệ m&ocirc;i trường. D&acirc;y đeo silicone dẻo dai, kh&ocirc;ng thấm nước mang lại cảm gi&aacute;c thoải m&aacute;i, dễ chịu cho người d&ugrave;ng đặc biệt l&agrave; những l&uacute;c tay đổ nhiều mồ h&ocirc;i khi luyện tập thể thao.</p>\r\n\r\n<p><a href=\"https://cdn.tgdd.vn/Products/Images/7077/250638/apple-watch-s7-45mm-vien-nhom-2.jpg\" onclick=\"return false;\"><img alt=\"Apple Watch Series 7 GPS 45mm - Thiết kế\" src=\"https://cdn.tgdd.vn/Products/Images/7077/250638/apple-watch-s7-45mm-vien-nhom-2.jpg\" title=\"Apple Watch Series 7 GPS 45mm - Thiết kế\" /></a></p>\r\n\r\n<h3>Hệ điều h&agrave;nh&nbsp;WatchOS 8 mượt m&agrave;</h3>\r\n\r\n<p>Hệ điều h&agrave;nh&nbsp;WatchOS 8 c&oacute; một số cải tiến mới cho sản phẩm như tăng&nbsp;k&iacute;ch thước c&aacute;c n&uacute;t bấm tr&ecirc;n m&agrave;n h&igrave;nh gi&uacute;p việc thao t&aacute;c ch&iacute;nh x&aacute;c, nhanh ch&oacute;ng, quan s&aacute;t dễ d&agrave;ng hơn. Việc nhập văn bản kh&ocirc;ng c&ograve;n l&agrave; vấn đề với bộ&nbsp;b&agrave;n ph&iacute;m ho&agrave;n chỉnh, c&oacute; thể nhập văn bản nhanh hơn bằng c&aacute;ch lướt QuickPath v&agrave; c&ograve;n c&oacute; cả Machine Learning gi&uacute;p dự đo&aacute;n từ tiếp theo m&agrave; người d&ugrave;ng c&oacute; thể g&otilde;.</p>\r\n\r\n<p>Lưu &yacute;: Hệ điều h&agrave;nh WatchOS 8.0 y&ecirc;u cầu được gh&eacute;p nối với iPhone sử dụng hệ điều h&agrave;nh iOS phi&ecirc;n bản mới nhất (hỗ trợ từ iPhone 6s trở l&ecirc;n).</p>\r\n\r\n<p><a href=\"https://cdn.tgdd.vn/Products/Images/7077/250638/apple-watch-s7-45mm-vien-nhom-4.jpg\" onclick=\"return false;\"><img alt=\"Apple Watch Series 7 GPS 45mm - WatchOS 8\" src=\"https://cdn.tgdd.vn/Products/Images/7077/250638/apple-watch-s7-45mm-vien-nhom-4.jpg\" title=\"Apple Watch Series 7 GPS 45mm - WatchOS 8\" /></a></p>\r\n\r\n<h3>M&agrave;n h&igrave;nh OLED, mặt k&iacute;nh cường lực&nbsp;Ion-X d&agrave;y dặn</h3>\r\n\r\n<p>M&agrave;n h&igrave;nh của&nbsp;<a href=\"https://www.thegioididong.com/dong-ho-thong-minh-apple-watch-series-7\" target=\"_blank\" title=\"Xem thêm một số mẫu đồng hồ thông minh Apple Watch S7 đang kinh doanh tại Thế Giới Di Động\" type=\"Xem thêm một số mẫu đồng hồ thông minh Apple Watch S7 đang kinh doanh tại Thế Giới Di Động\">Apple Watch S7</a>&nbsp;c&oacute; k&iacute;ch thước 1.77 inch c&ugrave;ng tấm nền OLED với độ ph&acirc;n giải 484 x 396 pixels cho khả năng hiển thị sắc n&eacute;t, h&igrave;nh ảnh sống động, ch&acirc;n thực v&ocirc; c&ugrave;ng bắt mắt. M&agrave;n h&igrave;nh được bảo vệ bởi tấm k&iacute;nh cường lực Ion-X d&agrave;y hơn 50% chống nứt vỡ, bền chắc hơn nhiều so với c&aacute;c thế hệ trước.</p>\r\n\r\n<p><a href=\"https://cdn.tgdd.vn/Products/Images/7077/250638/apple-watch-s7-45mm-vien-nhom-8-1.jpg\" onclick=\"return false;\"><img alt=\"Apple Watch Series 7 GPS 45mm - Màn hình OLED\" src=\"https://cdn.tgdd.vn/Products/Images/7077/250638/apple-watch-s7-45mm-vien-nhom-8-1.jpg\" title=\"Apple Watch Series 7 GPS 45mm - Màn hình OLED\" /></a></p>\r\n\r\n<p>Được trang bị t&iacute;nh năng&nbsp;m&agrave;n h&igrave;nh lu&ocirc;n hiển thị được n&acirc;ng cấp s&aacute;ng hơn 70% so với Apple Watch S6 gi&uacute;p người d&ugrave;ng lu&ocirc;n nắm bắt th&ocirc;ng tin một c&aacute;ch nhanh nhất. Người d&ugrave;ng ho&agrave;n to&agrave;n c&oacute; thể theo d&otilde;i th&ocirc;ng b&aacute;o, xem ng&agrave;y, giờ m&agrave; kh&ocirc;ng cần chạm v&agrave;o&nbsp;đồng hồ. T&iacute;nh năng n&agrave;y v&ocirc; c&ugrave;ng hữu &iacute;ch gi&uacute;p người d&ugrave;ng x&aacute;c định thời gian nhanh ch&oacute;ng trong l&uacute;c đang tham gia giao th&ocirc;ng, hay đang l&agrave;m việc.</p>\r\n\r\n<p><a href=\"https://cdn.tgdd.vn/Products/Images/7077/250638/apple-watch-s7-45mm-vien-nhom-5.jpg\" onclick=\"return false;\"><img alt=\"Apple Watch Series 7 GPS 45mm - Màn hình luôn hiển thị\" src=\"https://cdn.tgdd.vn/Products/Images/7077/250638/apple-watch-s7-45mm-vien-nhom-5.jpg\" title=\"Apple Watch Series 7 GPS 45mm - Màn hình luôn hiển thị\" /></a></p>\r\n\r\n<h3>Thay đổi mặt đồng hồ dễ d&agrave;ng</h3>\r\n\r\n<p>Bạn ho&agrave;n to&agrave;n c&oacute; thể tạo ch&acirc;n dung theo khu&ocirc;n mặt với chế độ ch&acirc;n dung tr&ecirc;n iPhone tạo n&ecirc;n trải nghiệm độc đ&aacute;o, thỏa sức s&aacute;ng tạo theo sở th&iacute;ch của bản th&acirc;n. Kh&ocirc;ng lo nh&agrave;m ch&aacute;n với kho t&agrave;ng mặt đồng hồ đa dạng, độc đ&aacute;o được trang bị sẵn cho người d&ugrave;ng thỏa th&iacute;ch lựa chọn.</p>\r\n\r\n<p><a href=\"https://cdn.tgdd.vn/Products/Images/7077/250638/apple-watch-s7-45mm-vien-nhom-6.jpg\" onclick=\"return false;\"><img alt=\"Apple Watch Series 7 GPS 45mm - Thay đổi màn hình đồng hồ\" src=\"https://cdn.tgdd.vn/Products/Images/7077/250638/apple-watch-s7-45mm-vien-nhom-6.jpg\" title=\"Apple Watch Series 7 GPS 45mm - Thay đổi màn hình đồng hồ\" /></a></p>\r\n\r\n<h3>Dễ d&agrave;ng kết nối với điện thoại</h3>\r\n\r\n<p>Đồng hồ hỗ trợ hiển thị th&ocirc;ng b&aacute;o từ c&aacute;c ứng dụng như: Facebook, Zalo, Line, Viber,... sau khi được kết nối với điện thoại th&ocirc;ng qua Bluetooth. T&iacute;nh năng n&agrave;y gi&uacute;p bạn chủ động hơn trong việc nắm bắt th&ocirc;ng tin, kh&ocirc;ng lo bỏ lỡ th&ocirc;ng tin quan trọng hay cuộc gọi n&agrave;o khi đang luyện tập thể thao.</p>\r\n\r\n<h3>Tốc độ sạc nhanh ch&oacute;ng</h3>\r\n\r\n<p>Apple Watch Series 7 d&ugrave;ng vi&ecirc;n pin c&oacute; dung lượng 303.8 mAh, sạc đầy trong 2 giờ th&ocirc;ng qua đế sạc nam ch&acirc;m v&agrave; thời gian sử dụng l&agrave; 1.5 ng&agrave;y.</p>\r\n\r\n<p>Lưu &yacute;: T&iacute;nh năng sạc nhanh hiện kh&ocirc;ng khả dụng tại Việt Nam.</p>\r\n\r\n<p><a href=\"https://cdn.tgdd.vn/Products/Images/7077/250638/apple-watch-s7-45mm-vien-nhom-7.jpg\" onclick=\"return false;\"><img alt=\"Apple Watch Series 7 GPS 45mm - Thời lượng pin sử dụng\" src=\"https://cdn.tgdd.vn/Products/Images/7077/250638/apple-watch-s7-45mm-vien-nhom-7.jpg\" title=\"Apple Watch Series 7 GPS 45mm - Thời lượng pin sử dụng\" /></a></p>\r\n\r\n<h3>An t&acirc;m tắm, đi bơi ở v&ugrave;ng nước n&ocirc;ng</h3>\r\n\r\n<p>Với xếp hạng chống nước WR50, người d&ugrave;ng c&oacute; thể thoải m&aacute;i đeo đồng hồ khi tắm hoặc đi bơi ở những v&ugrave;ng nước n&ocirc;ng. Người d&ugrave;ng kh&ocirc;ng n&ecirc;n được sử dụng đồng hồ để lặn với b&igrave;nh dưỡng kh&iacute;, trượt nước hoặc c&aacute;c hoạt động kh&aacute;c li&ecirc;n quan đến nước tốc độ cao hoặc lặn dưới độ s&acirc;u n&ocirc;ng. Hơn nữa, đ&acirc;y l&agrave; chiếc&nbsp;<a href=\"https://www.thegioididong.com/dong-ho-thong-minh-apple\" target=\"_blank\" title=\"Xem thêm một số mẫu đồng hồ thông minh Apple Watch đang kinh doanh tại Thế Giới Di Động\" type=\"Xem thêm một số mẫu đồng hồ thông minh Apple Watch đang kinh doanh tại Thế Giới Di Động\">Apple Watch</a>&nbsp;đầu ti&ecirc;n đạt chứng nhận chống bụi IP6X gi&uacute;p sản phẩm bền hơn trong c&aacute;c m&ocirc;i trường như b&atilde;i biển hoặc sa mạc.&nbsp;</p>\r\n\r\n<p>Lưu &yacute;: Bật t&iacute;nh năng kh&oacute;a chống nước trước khi mang sản phẩm đi bơi, đi mưa, kh&ocirc;ng ấn c&aacute;c n&uacute;t điều chỉnh, kh&ocirc;ng d&ugrave;ng trong ph&ograve;ng tắm hơi, tắm nước n&oacute;ng. Apple Việt Nam kh&ocirc;ng bảo h&agrave;nh, đổi trả trong trường hợp sản phẩm bị v&agrave;o nước.</p>\r\n\r\n<p>Xem th&ecirc;m hướng dẫn sử dụng v&agrave; c&aacute;ch xử l&yacute; sản phẩm khi v&agrave;o nước&nbsp;<a href=\"https://support.apple.com/vi-vn/guide/watch/apd707b42a5e/watchos\" target=\"_blank\" title=\"Hướng dẫn sử dụng và cách xử lý khi vào nước\" type=\"Hướng dẫn sử dụng và cách xử lý khi vào nước\">tại đ&acirc;y</a>.</p>\r\n\r\n<p><a href=\"https://cdn.tgdd.vn/Products/Images/7077/250638/apple-watch-s7-45mm-vien-nhom-12.jpg\" onclick=\"return false;\"><img alt=\"Apple Watch Series 7 GPS 45mm - Độ bền\" src=\"https://cdn.tgdd.vn/Products/Images/7077/250638/apple-watch-s7-45mm-vien-nhom-12.jpg\" title=\"Apple Watch Series 7 GPS 45mm - Độ bền\" /></a></p>\r\n\r\n<h3>Hỗ trợ nhiều chế độ luyện tập thể thao</h3>\r\n\r\n<p>Đồng hồ c&oacute; rất nhiều chế độ luyện tập được t&iacute;ch hợp tr&ecirc;n đồng hồ chờ bạn kh&aacute;m ph&aacute; như chạy bộ, leo n&uacute;i, đi bộ, bơi lội,... Điểm đặc biệt ở phi&ecirc;n bản S7 n&agrave;y l&agrave; chế độ đạp xe c&oacute; thể&nbsp;tự động tạm dừng khi bạn ngừng đạp để nghỉ ngơi hoặc chờ đ&egrave;n đỏ v&agrave; tiếp tục k&iacute;ch hoạt lại chế độ khi bạn tiếp tục chuyển động. V&igrave; thế, c&aacute;c chỉ số mang lại c&oacute; độ ch&iacute;nh x&aacute;c kh&aacute; cao.</p>\r\n\r\n<p><a href=\"https://cdn.tgdd.vn/Products/Images/7077/250638/apple-watch-s7-45mm-vien-nhom-11.jpg\" onclick=\"return false;\"><img alt=\"Apple Watch Series 7 GPS 45mm - Chế độ luyện tập\" src=\"https://cdn.tgdd.vn/Products/Images/7077/250638/apple-watch-s7-45mm-vien-nhom-11.jpg\" title=\"Apple Watch Series 7 GPS 45mm - Chế độ luyện tập\" /></a></p>\r\n\r\n<h3>Hỗ trợ theo d&otilde;i sức khỏe của bạn</h3>\r\n\r\n<p><a href=\"https://www.thegioididong.com/dong-ho-thong-minh\" target=\"_blank\" title=\"Xem thêm một số mẫu đồng hồ thông minh\">Đồng hồ th&ocirc;ng minh</a>&nbsp;theo d&otilde;i sức khỏe được người d&ugrave;ng rất ưa chuộng bởi t&iacute;nh tiện lợi v&agrave; sự hữu &iac', '45mm', ' 3ATM', 'Ion-X strengthened glass', 'Pin', 'Free size', 'Silicone, Nhôm', 'Nhôm', 'Đồng hồ Nam, Đồng hồ Nữ', 'USA', ' Bảo hành quốc tế 02 năm');
INSERT INTO `sanpham` (`ID`, `tensanpham`, `giamoi`, `giacu`, `soluong`, `anhgoc`, `anh1`, `anh2`, `anh3`, `anh4`, `ID_hang`, `theloai`, `mota`, `duongkinh`, `chongnuoc`, `chatlieu`, `nangluong`, `size`, `chatlieuday`, `chatlieuvo`, `kieudang`, `xuatxu`, `baohanh`) VALUES
(88, 'Samsung Galaxy Watch 4 44mm Bạc', 5990000, 6990000, 500, 'samsung-galaxy-watch-4-44mm-bac-2-org.jpg', 'samsung-galaxy-watch-4-44mm-bac-1-org.jpg', 'samsung-galaxy-watch-4-44mm-bac-3-org.jpg', 'samsung-galaxy-watch-4-44mm-bac-5-org.jpg', 'samsung-galaxy-watch-4-44mm-20-2.jpg', 8, 'dong ho thong minh', '<h3>Kiểu d&aacute;ng thời thượng, mang n&eacute;t đặc trưng của nh&agrave; Samsung</h3>\r\n\r\n<p><a href=\"https://www.thegioididong.com/dong-ho-thong-minh/samsung-galaxy-watch-4-44mm\" target=\"_blank\" title=\"Samsung Galaxy Watch 4 44mm đang kinh doanh tại Thế Giới Di Động\" type=\"Samsung Galaxy Watch 4 44mm đang kinh doanh tại Thế Giới Di Động\">Samsung Galaxy Watch 4</a>&nbsp;sở hữu thiết kế quen thuộc với khung viền nh&ocirc;m bền bỉ,&nbsp;<a href=\"https://www.thegioididong.com/dong-ho-thong-minh?g=silicone\" target=\"_blank\" title=\"Xem thêm một số mẫu đồng hồ thông minh có dây đeo silicone đang kinh doanh tại Thế Giới Di Động\" type=\"Xem thêm một số mẫu đồng hồ thông minh có dây đeo silicone đang kinh doanh tại Thế Giới Di Động\">d&acirc;y đeo silicone</a>. Phi&ecirc;n bản 44mm n&agrave;y d&agrave;nh cho c&aacute;c ch&agrave;ng trai c&oacute; cổ tay to nhưng vẫn giữ được n&eacute;t thanh lịch vốn c&oacute; nhờ kiểu thiết kế mặt đồng hồ tr&ograve;n cổ điển.</p>\r\n\r\n<p><a href=\"https://cdn.tgdd.vn/Products/Images/7077/248753/samsung-galaxy-watch-4-44mm-4-4.jpg\" onclick=\"return false;\"><img alt=\"Đồng hồ Galaxy Watch 4 44mm Bạc - Thiết kế\" src=\"https://cdn.tgdd.vn/Products/Images/7077/248753/samsung-galaxy-watch-4-44mm-4-4.jpg\" title=\"Đồng hồ Galaxy Watch 4 44mm Bạc - Thiết kế\" /></a></p>\r\n\r\n<p>Ở lần ra mắt n&agrave;y, Samsung g&acirc;y ấn tượng lớn với cộng đồng y&ecirc;u th&iacute;ch c&ocirc;ng nghệ ở thế giới v&agrave; Việt Nam khi tr&igrave;nh l&agrave;ng&nbsp;<strong>chiếc đồng hồ th&ocirc;ng minh đầu ti&ecirc;n sử dụng hệ điều h&agrave;nh Wear OS mới - One UI Watch</strong>, được t&ugrave;y biến ri&ecirc;ng cho thiết bị Samsung tr&ecirc;n nền tảng cộng t&aacute;c trực tiếp c&ugrave;ng Google.</p>\r\n\r\n<h3>Trang bị chip Exynos W920 cho hiệu năng mạnh mẽ</h3>\r\n\r\n<p>Exynos W920 l&agrave; con chip được Samsung ra mắt v&agrave;o ng&agrave;y 10/08, được sản xuất bằng quy tr&igrave;nh 5 nm mới nhất của Samsung Foundry.&nbsp;<strong>Bộ vi xử l&yacute; n&agrave;y cho tốc độ nhanh hơn 20% so với Exynos 9110 (Samsung Galaxy Watch 3)</strong>. Ngo&agrave;i ra, việc sử dụng con chip Exynos W920 n&agrave;y cũng gi&uacute;p tiết kiệm pin cho c&aacute;c thiết bị đeo, đem lại thời lượng pin tốt hơn cho người sử dụng.</p>\r\n\r\n<p><a href=\"https://cdn.tgdd.vn/Products/Images/7077/248753/samsung-galaxy-watch-4-44mm-bac-2-2.jpg\" onclick=\"return false;\"><img alt=\"Đồng hồ Galaxy Watch 4 44mm Bạc - Chip\" src=\"https://cdn.tgdd.vn/Products/Images/7077/248753/samsung-galaxy-watch-4-44mm-bac-2-2.jpg\" title=\"Đồng hồ Galaxy Watch 4 44mm Bạc - Chip\" /></a></p>\r\n\r\n<h3>Hệ điều h&agrave;nh Wear OS cải tiến - One UI Watch 3.5</h3>\r\n\r\n<p>One UI Watch 3.5 l&agrave; hệ điều h&agrave;nh được x&acirc;y dựng bởi Samsung v&agrave; Google, nền tảng ti&ecirc;n tiến n&agrave;y cho ph&eacute;p trải nghiệm đồng hồ th&ocirc;ng minh v&agrave; hệ sinh th&aacute;i Galaxy trở n&ecirc;n liền mạch hơn. Người d&ugrave;ng thoải m&aacute;i tận hưởng những trải nghiệm mượt m&agrave;, kh&ocirc;ng bị giật lag khi chuyển đổi qua lại giữa c&aacute;c ứng dụng.</p>\r\n\r\n<p>Xem th&ecirc;m:&nbsp;<a href=\"https://www.thegioididong.com/tin-tuc/mwc-2021-samsung-gioi-thieu-one-ui-watch-1364116\" target=\"_blank\" title=\"Tìm hiểu thêm về hệ điều hành One UI Watch\" type=\"Tìm hiểu thêm về hệ điều hành One UI Watch\">Hệ điều h&agrave;nh One UI Watch</a></p>\r\n\r\n<h3>Tấm nền&nbsp;<a href=\"https://www.thegioididong.com/hoi-dap/tim-hieu-cac-loai-man-hinh-thong-dung-tren-smartwatch-1169187#subhmenuid4\" target=\"_blank\" title=\"Tìm hiểu thêm về màn hình Super AMOLED\" type=\"Tìm hiểu thêm về màn hình Super AMOLED\">Super AMOLED</a>&nbsp;hiển thị m&agrave;u sắc r&otilde; n&eacute;t</h3>\r\n\r\n<p>Mặt đồng hồ 1.4 inch cho khả năng hiển thị đủ th&ocirc;ng tin, độ ph&acirc;n giải 450 x 450 pixels, được bảo vệ bởi lớp k&iacute;nh cường lực Gorilla Glass DX+ cho khả năng chịu lực tốt, hạn chế trầy xước hiệu quả.&nbsp;</p>\r\n\r\n<p>M&agrave;n h&igrave;nh sử dụng c&ocirc;ng nghệ Super AMOLED gi&uacute;p h&igrave;nh ảnh hiển thị r&otilde; r&agrave;ng, m&agrave;u sắc sống động v&agrave; đẹp mắt, mang đến cho người d&ugrave;ng những trải nghiệm th&uacute; vị.</p>\r\n\r\n<p><a href=\"https://cdn.tgdd.vn/Products/Images/7077/248753/samsung-galaxy-watch-4-44mm-bac-3-1.jpg\" onclick=\"return false;\"><img alt=\"Đồng hồ Galaxy Watch 4 44mm Bạc - Màn hình\" src=\"https://cdn.tgdd.vn/Products/Images/7077/248753/samsung-galaxy-watch-4-44mm-bac-3-1.jpg\" title=\"Đồng hồ Galaxy Watch 4 44mm Bạc - Màn hình\" /></a></p>\r\n\r\n<h3>Kết nối Bluetooth v5.0</h3>\r\n\r\n<p>Chiếc&nbsp;<a href=\"https://www.thegioididong.com/dong-ho-thong-minh-samsung\" target=\"_blank\" title=\"Xem thêm một số mẫu đồng hồ thông minh Samsung đang kinh doanh tại Thế Giới Di Động\" type=\"Xem thêm một số mẫu đồng hồ thông minh Samsung đang kinh doanh tại Thế Giới Di Động\">đồng hồ th&ocirc;ng minh Samsung</a>&nbsp;n&agrave;y c&oacute; khả năng kết nối với thiết bị sử dụng hệ điều h&agrave;nh Android một c&aacute;ch dễ d&agrave;ng. Khi kết nối th&agrave;nh c&ocirc;ng, người d&ugrave;ng c&oacute; thể nhận tin nhắn, th&ocirc;ng b&aacute;o cuộc gọi, xem th&ocirc;ng b&aacute;o ứng dụng (Messenger, Zalo, Instagram,&hellip;), theo d&otilde;i sức khoẻ, luyện tập thể thao,&hellip;</p>\r\n\r\n<p><a href=\"https://cdn.tgdd.vn/Products/Images/7077/248753/samsung-galaxy-watch-4-44mm-bac-4-2.jpg\" onclick=\"return false;\"><img alt=\"Đồng hồ Galaxy Watch 4 44mm Bạc - Bluetooth\" src=\"https://cdn.tgdd.vn/Products/Images/7077/248753/samsung-galaxy-watch-4-44mm-bac-4-2.jpg\" title=\"Đồng hồ Galaxy Watch 4 44mm Bạc - Bluetooth\" /></a></p>\r\n\r\n<h3>Thời lượng pin 1.5 ng&agrave;y</h3>\r\n\r\n<p>Với dung lượng pin 361 mAh, bạn c&oacute; thể sử dụng đồng hồ trong khoảng 1.5 ng&agrave;y, đồng hồ được sạc th&ocirc;ng qua cổng sạc kh&ocirc;ng d&acirc;y tiện lợi. Đ&acirc;y c&oacute; thể l&agrave; thời lượng pin kh&ocirc;ng qu&aacute; l&yacute; tưởng, nhưng cũng đủ để bạn thoải m&aacute;i hoạt động cả ng&agrave;y d&agrave;i bận rộn, hoặc tham gia buổi cắm trại qua đ&ecirc;m m&agrave; kh&ocirc;ng lo gi&aacute;n đoạn giữa chừng.</p>\r\n\r\n<p>Lưu &yacute;, thời gian sử dụng n&agrave;y c&oacute; thể thay đổi t&ugrave;y theo c&aacute;ch sử dụng của người d&ugrave;ng.</p>\r\n\r\n<p><a href=\"https://cdn.tgdd.vn/Products/Images/7077/248753/samsung-galaxy-watch-4-44mm-bac-5-1.jpg\" onclick=\"return false;\"><img alt=\"Đồng hồ Galaxy Watch 4 44mm Bạc - Pin\" src=\"https://cdn.tgdd.vn/Products/Images/7077/248753/samsung-galaxy-watch-4-44mm-bac-5-1.jpg\" title=\"Đồng hồ Galaxy Watch 4 44mm Bạc - Pin\" /></a></p>\r\n\r\n<h3>Thoải m&aacute;i thay đổi phong c&aacute;ch với bộ sưu tập mặt đồng hồ đa dạng</h3>\r\n\r\n<p>Người d&ugrave;ng dễ d&agrave;ng thay đổi phong c&aacute;ch, giữa c&aacute;c mặt đồng hồ kim hoặc đồng hồ kỹ thuật số với nhiều h&igrave;nh nền, ph&ocirc;ng chữ v&agrave; m&agrave;u sắc kh&aacute;c nhau t&ugrave;y theo sở th&iacute;ch của bản th&acirc;n.&nbsp;</p>\r\n\r\n<p><a href=\"https://cdn.tgdd.vn/Products/Images/7077/248753/samsung-galaxy-watch-4-44mm-bac-6-1.jpg\" onclick=\"return false;\"><img alt=\"Đồng hồ Galaxy Watch 4 44mm Bạc - Giao diện\" src=\"https://cdn.tgdd.vn/Products/Images/7077/248753/samsung-galaxy-watch-4-44mm-bac-6-1.jpg\" title=\"Đồng hồ Galaxy Watch 4 44mm Bạc - Giao diện\" /></a></p>\r\n\r\n<h3>Theo d&otilde;i sức khoẻ tối ưu hơn</h3>\r\n\r\n<p>Đồng hồ được trang bị c&aacute;c cảm biến &aacute;nh s&aacute;ng, địa từ, gia tốc kế,... đặc biệt l&agrave; bộ cảm biến BioActive đột ph&aacute; của Samsung. Nhờ bộ cảm biến hiện đại n&agrave;y, người d&ugrave;ng c&oacute; thể nhận kết quả ph&acirc;n t&iacute;ch th&agrave;nh phần cơ thể (qua phương ph&aacute;p đo BIA) theo thời gian thực mọi l&uacute;c, mọi nơi chỉ với hai ng&oacute;n tay trong 15 gi&acirc;y. Cụ thể l&agrave; c&aacute;c chỉ số như&nbsp;<a href=\"https://www.thegioididong.com/dong-ho-thong-minh?g=do-nong-do-oxy-trong-mau-spo2\" target=\"_blank\" title=\"Xem thêm đồng hồ đo SpO2 đang bán tại thegioididong.com\">nồng độ oxy trong m&aacute;u</a>&nbsp;(SpO2),&nbsp;<a href=\"https://www.thegioididong.com/dong-ho-thong-minh-do-nhip-tim\" target=\"_blank\" title=\"Xem thêm đồng hồ có chức năng đo nhịp tim đang bán tại thegioididong.com\">đo nhịp tim</a>&nbsp;hay lượng calories m&agrave; bạn đ&atilde; ti&ecirc;u thụ, gi&uacute;p bạn kiểm so&aacute;t tốt c&aacute;c mục ti&ecirc;u sức khoẻ của m&igrave;nh.</p>\r\n\r\n<p>Xem th&ecirc;m:&nbsp;<a href=\"https://www.thegioididong.com/hoi-dap/tinh-nang-do-chi-so-spo2-va-vo2-max-tren-smartwatch-la-gi-1279892#hmenuid1\" target=\"_blank\" title=\"Tìm hiểu thêm về SpO2 \" type=\"Tìm hiểu thêm về SpO2 \">SpO2 l&agrave; g&igrave;?</a></p>\r\n\r\n<p>Với bản cập nhật mới v&agrave;o th&aacute;ng 4/2022, người d&ugrave;ng Việt Nam đ&atilde; c&oacute; thể sử dụng t&iacute;nh 2 t&iacute;nh năng&nbsp;<strong>đo huyết &aacute;p</strong>&nbsp;v&agrave;&nbsp;<strong>điện t&acirc;m đồ ECG</strong>. Để k&iacute;ch hoạt, bạn cần tải ứng dụng&nbsp;<a href=\"https://galaxystore.samsung.com/detail/com.samsung.android.shealthmonitor\" target=\"_blank\" title=\"Ứng dụng Samsung Health Monitor\">Samsung Health Monitor</a>&nbsp;v&agrave; cập nhật phi&ecirc;n bản phần mềm mới nhất d&agrave;nh cho Galaxy Watch 4. Giờ đ&acirc;y bạn đ&atilde; c&oacute; thể theo d&otilde;i th&ocirc;ng tin sức khỏe bản th&acirc;n mọi l&uacute;c mọi nơi chỉ với chiếc đồng hồ tr&ecirc;n cổ tay của m&igrave;nh.</p>\r\n\r\n<p>Th&ocirc;ng tin chi tiết về bản cập nhật n&agrave;y bạn c&oacute; thể xem tại đ&acirc;y:&nbsp;<a href=\"https://www.thegioididong.com/tin-tuc/ra-mat-tinh-nang-do-huyet-ap-va-dien-tam-do-tren-galaxy-watch-4-1426241\" target=\"_blank\" title=\"Ra mắt tính năng Đo Huyết Áp và Điện tâm đồ trên Galaxy Watch 4 tại Việt Nam giúp người dùng chăm sóc sức khỏe toàn diện\">Ra mắt t&iacute;nh năng Đo Huyết &Aacute;p v&agrave; Điện t&acirc;m đồ tr&ecirc;n Galaxy Watch 4 tại Việt Nam</a>.</p>\r\n\r\n<p><a href=\"https://cdn.tgdd.vn/Products/Images/7077/248753/samsung-galaxy-watch-4-44mm-bac-7.jpg\" onclick=\"return false;\"><img alt=\"Đồng hồ Galaxy Watch 4 44mm Bạc - Cảm biến\" src=\"https://cdn.tgdd.vn/Products/Images/7077/248753/samsung-galaxy-watch-4-44mm-bac', '44mm', ' 5ATM', 'Nhôm', 'Pin', 'Free size', 'Silicone', 'Nhôm', 'Đồng hồ Nam, Đồng hồ Nữ', ' China', ' Bảo hành quốc tế 02 năm'),
(89, 'Samsung Galaxy Watch 4 Classic 46mm Bạc', 5990000, 7490000, 500, 'samsung-galaxy-watch-4-classic-46mm-6-1.jpg', 'samsung-galaxy-watch-4-classic-46mm-2-1.jpg', 'samsung-galaxy-watch-4-44mm-bac-1.jpg', 'samsung-galaxy-watch-4-classic-46mm-4-1.jpg', 'samsung-galaxy-watch-4-classic-46mm-8-1.jpg', 8, 'dong ho thong minh', '<h3>Ấn tượng bởi vẻ đẹp cổ điển, thanh lịch</h3>\r\n\r\n<p>Điểm nhấn của&nbsp;<a href=\"https://www.thegioididong.com/dong-ho-thong-minh/samsung-galaxy-watch-4-classic-46mm\" target=\"_blank\" title=\"Samsung Galaxy Watch 4 Classic 46mm đang kinh doanh tại Thế Giới Di Động\">Samsung Galaxy Watch 4 d&ograve;ng Classic</a>&nbsp;nằm ở thiết kế đậm n&eacute;t cổ điển với những g&oacute;c cạnh được v&aacute;t tr&ograve;n tinh tế. V&igrave; thế, d&ugrave; sở hữu đường k&iacute;nh mặt l&agrave; 46 mm th&igrave; đồng hồ vẫn mang lại cảm gi&aacute;c gọn nhẹ, thanh lịch.</p>\r\n\r\n<p>Khung viền được chế t&aacute;c từ th&eacute;p kh&ocirc;ng gỉ cao cấp chống ăn m&ograve;n hiệu quả, v&ograve;ng xoay bezel vừa gi&uacute;p người d&ugrave;ng định vị thời gian nhanh ch&oacute;ng với số ph&uacute;t được khắc ở mặt trong, vừa c&oacute; t&aacute;c dụng điều hướng thay thế cho c&aacute;c n&uacute;t bấm b&ecirc;n cạnh đồng hồ.&nbsp;<a href=\"https://www.thegioididong.com/dong-ho-thong-minh?g=silicone\" target=\"_blank\" title=\"Xem thêm các mẫu đồng hồ có dây silicone đang kinh doanh tại Thế Giới Di Động\">D&acirc;y đeo silicone</a>&nbsp;c&oacute; độ đ&agrave;n hồi cao v&agrave; thấm h&uacute;t tốt khi tay ra mồ h&ocirc;i.</p>\r\n\r\n<p><a href=\"https://cdn.tgdd.vn/Products/Images/7077/248761/samsung-galaxy-watch-4-classic-46mm-bac-2.jpg\" onclick=\"return false;\"><img alt=\"Samsung Galaxy Watch 4 Classic 46mm - Thiết kế\" src=\"https://cdn.tgdd.vn/Products/Images/7077/248761/samsung-galaxy-watch-4-classic-46mm-bac-2.jpg\" title=\"Samsung Galaxy Watch 4 Classic 46mm - Thiết kế\" /></a></p>\r\n\r\n<h3>Trải nghiệm mượt m&agrave; với chip xử l&yacute; Exynos W920</h3>\r\n\r\n<p>Mẫu&nbsp;<a href=\"https://www.thegioididong.com/dong-ho-thong-minh\" target=\"_blank\" title=\"Xem thêm các mẫu đồng hồ thông minh đang kinh doanh tại Thế Giới Di Động\">smartwatch</a>&nbsp;n&agrave;y được trang bị cấu h&igrave;nh mạnh mẽ nhất từ trước đến nay tr&ecirc;n c&aacute;c d&ograve;ng đồng hồ của Samsung với con chip Exynos W920 c&oacute; tốc độ xử l&yacute; 1.18 GHz, nhanh hơn đến 20% so với người tiền nhiệm Galaxy Watch 3.&nbsp;</p>\r\n\r\n<p>B&ecirc;n cạnh đ&oacute;, bộ chip xử l&yacute; n&agrave;y c&ograve;n gi&uacute;p giảm mức ti&ecirc;u thụ năng lượng của đồng hồ v&agrave; tăng thời gian sử dụng, cung cấp một trải nghiệm liền mạch cho người d&ugrave;ng.</p>\r\n\r\n<p><a href=\"https://cdn.tgdd.vn/Products/Images/7077/248761/samsung-galaxy-watch-4-classic-46mm-4a.jpg\" onclick=\"return false;\"><img alt=\"Samsung Galaxy Watch 4 Classic 46mm có chip xử lý thế hệ mới Exynos W920\" src=\"https://cdn.tgdd.vn/Products/Images/7077/248761/samsung-galaxy-watch-4-classic-46mm-4a.jpg\" title=\"Samsung Galaxy Watch 4 Classic 46mm có chip xử lý thế hệ mới Exynos W920\" /></a></p>\r\n\r\n<h3>Ra mắt hệ điều h&agrave;nh Wear OS kết hợp c&ugrave;ng Google</h3>\r\n\r\n<p>Đổi mới lớn nhất tr&ecirc;n Galaxy Watch 4 Classic ch&iacute;nh l&agrave; hệ điều h&agrave;nh. Thay v&igrave; sử dụng Tizen OS như c&aacute;c d&ograve;ng đời cũ, th&igrave; giờ đ&acirc;y những chiếc đồng hồ của&nbsp;<a href=\"https://www.thegioididong.com/dong-ho-thong-minh-samsung\" target=\"_blank\" title=\"Xem thêm các mẫu đồng hồ thông minh Samsung đang kinh doanh tại Thế Giới Di Động\">Samsung</a>&nbsp;sẽ chuyển sang sử dụng hệ điều h&agrave;nh Wear OS tr&ecirc;n nền giao diện One UI Watch 3.5.</p>\r\n\r\n<p><a href=\"https://cdn.tgdd.vn/Products/Images/7077/248761/samsung-galaxy-watch-4-classic-46mm-1-03.jpg\" onclick=\"return false;\"><img alt=\"Samsung Galaxy Watch 4 Classic 46mm - Hệ điều hành\" src=\"https://cdn.tgdd.vn/Products/Images/7077/248761/samsung-galaxy-watch-4-classic-46mm-1-03.jpg\" title=\"Samsung Galaxy Watch 4 Classic 46mm - Hệ điều hành\" /></a></p>\r\n\r\n<p>Sự thay đổi n&agrave;y sẽ gi&uacute;p người d&ugrave;ng dễ d&agrave;ng truy cập v&agrave;o kho ứng dụng khổng lồ tr&ecirc;n Google Play v&agrave; tối ưu trải nghiệm tốt hơn, hạn chế t&igrave;nh trạng giật lag g&acirc;y phiền to&aacute;i trong qu&aacute; tr&igrave;nh sử dụng.</p>\r\n\r\n<p><a href=\"https://cdn.tgdd.vn/Products/Images/7077/248761/samsung-galaxy-watch-4-classic-46mm-4.jpg\" onclick=\"return false;\"><img alt=\"Samsung Galaxy Watch 4 Classic 46mm sử dụng hệ điều hành Wear OS\" src=\"https://cdn.tgdd.vn/Products/Images/7077/248761/samsung-galaxy-watch-4-classic-46mm-4.jpg\" title=\"Samsung Galaxy Watch 4 Classic 46mm sử dụng hệ điều hành Wear OS\" /></a></p>\r\n\r\n<h3>M&agrave;n h&igrave;nh&nbsp;<a href=\"https://www.thegioididong.com/hoi-dap/man-hinh-super-amoled-la-gi-905770\" target=\"_blank\" title=\"Màn hình Super AMOLED là gì?\">Super AMOLED</a>&nbsp;rực rỡ, sống động</h3>\r\n\r\n<p>M&agrave;n h&igrave;nh của phi&ecirc;n bản Classic c&oacute; k&iacute;ch thước 1.4 inch đi k&egrave;m c&ugrave;ng độ ph&acirc;n giải l&agrave; 450 x 450 pixels, sử dụng tấm nền Super AMOLED đem đến chất lượng hiển thị ấn tượng, m&agrave;u sắc h&agrave;i h&ograve;a c&ugrave;ng khả năng chống l&oacute;a, chống ch&oacute;i trước &aacute;nh nắng mặt trời.&nbsp;</p>\r\n\r\n<p>Để tăng th&ecirc;m độ cứng c&aacute;p, Galaxy Watch 4 Classic c&ograve;n được bảo vệ bởi mặt k&iacute;nh cường lực Gorilla Glass Dx+ bền bỉ, chịu lực tốt v&agrave; giảm thiểu đ&aacute;ng kể trầy xước khi va đập.</p>\r\n\r\n<p><a href=\"https://cdn.tgdd.vn/Products/Images/7077/248761/samsung-galaxy-watch-4-classic-46mm-2.jpg\" onclick=\"return false;\"><img alt=\"Samsung Galaxy Watch 4 Classic 46mm có màn hình Super AMOLED rực rỡ\" src=\"https://cdn.tgdd.vn/Products/Images/7077/248761/samsung-galaxy-watch-4-classic-46mm-2.jpg\" title=\"Samsung Galaxy Watch 4 Classic 46mm có màn hình Super AMOLED rực rỡ\" /></a></p>\r\n\r\n<h3>Thoải m&aacute;i sử dụng trong 1.5 ng&agrave;y chỉ sau 1 lần sạc</h3>\r\n\r\n<p>Với vi&ecirc;n pin c&oacute; dung lượng 361 mAh v&agrave; những cải tiến về ph&iacute;a hệ điều h&agrave;nh, thời gian sử dụng của chiếc đồng hồ th&ocirc;ng minh Samsung c&oacute; thể đ&aacute;p ứng được 1.5 ng&agrave;y cho nhu cầu th&ocirc;ng thường của phần lớn người d&ugrave;ng. Đồng thời, c&ocirc;ng nghệ sạc nhanh cũng được t&iacute;ch hợp cho ph&eacute;p 10 giờ sử dụng chỉ sau 30 ph&uacute;t sạc.</p>\r\n\r\n<p><a href=\"https://cdn.tgdd.vn/Products/Images/7077/248761/samsung-galaxy-watch-4-classic-46mm-3.jpg\" onclick=\"return false;\"><img alt=\"Samsung Galaxy Watch 4 Classic 46mm có thời gian sử dụng khoảng 1.5 ngày\" src=\"https://cdn.tgdd.vn/Products/Images/7077/248761/samsung-galaxy-watch-4-classic-46mm-3.jpg\" title=\"Samsung Galaxy Watch 4 Classic 46mm có thời gian sử dụng khoảng 1.5 ngày\" /></a></p>\r\n\r\n<h3>Đồng bộ h&oacute;a với&nbsp;<a href=\"https://www.thegioididong.com/dtdd\" target=\"_blank\" title=\"Xem thêm các mẫu điện thoại đang kinh doanh tại Thế Giới Di Động\">điện thoại</a>&nbsp;trong t&iacute;ch tắc</h3>\r\n\r\n<p><a href=\"https://www.thegioididong.com/dong-ho-thong-minh-samsung-galaxy-watch-4\" target=\"_blank\" title=\"Xem thêm các mẫu đồng hồ thông minh Samsung Galaxy Watch 4 đang kinh doanh tại Thế Giới Di Động\">Galaxy Watch 4</a>&nbsp;Classic chỉ hỗ trợ kết nối th&ocirc;ng qua Bluetooth với điện thoại sử dụng hệ điều h&agrave;nh Android. Sau khi gh&eacute;p đ&ocirc;i th&agrave;nh c&ocirc;ng, mọi dữ liệu về cuộc gọi, tin nhắn SMS hay th&ocirc;ng b&aacute;o đến từ c&aacute;c ứng dụng Messenger, Zalo, Instagram,... đều sẽ được đồng bộ h&oacute;a qua&nbsp;<a href=\"https://www.thegioididong.com/dong-ho-deo-tay\" target=\"_blank\" title=\"Xem thêm các mẫu đồng hồ đang kinh doanh tại Thế Giới Di Động\">đồng hồ</a>&nbsp;trong t&iacute;ch tắc.</p>\r\n\r\n<p><a href=\"https://cdn.tgdd.vn/Products/Images/7077/248761/samsung-galaxy-watch-4-classic-46mm-5.jpg\" onclick=\"return false;\"><img alt=\"Samsung Galaxy Watch 4 Classic 46mm kết nối Bluetooth với điện thoại Android\" src=\"https://cdn.tgdd.vn/Products/Images/7077/248761/samsung-galaxy-watch-4-classic-46mm-5.jpg\" title=\"Samsung Galaxy Watch 4 Classic 46mm kết nối Bluetooth với điện thoại Android\" /></a></p>\r\n\r\n<h3>Thể hiện c&aacute; t&iacute;nh với v&ocirc; v&agrave;n mặt đồng hồ đẹp mắt</h3>\r\n\r\n<p>T&ugrave;y theo t&acirc;m trạng v&agrave; sở th&iacute;ch c&aacute; nh&acirc;n, bạn c&oacute; thể thoải m&aacute;i thay đổi mặt đồng hồ trong bộ sưu tập c&oacute; sẵn hoặc tự thiết kế mặt đồng hồ cho ch&iacute;nh m&igrave;nh th&ocirc;ng qua c&ocirc;ng cụ t&ugrave;y biến ri&ecirc;ng của Samsung.</p>\r\n\r\n<p><a href=\"https://cdn.tgdd.vn/Products/Images/7077/248761/samsung-galaxy-watch-4-classic-46mm-7.jpg\" onclick=\"return false;\"><img alt=\"Samsung Galaxy Watch 4 Classic 46mm với bộ sưu tập mặt đồng hồ đa dạng\" src=\"https://cdn.tgdd.vn/Products/Images/7077/248761/samsung-galaxy-watch-4-classic-46mm-7.jpg\" title=\"Samsung Galaxy Watch 4 Classic 46mm với bộ sưu tập mặt đồng hồ đa dạng\" /></a></p>\r\n\r\n<h3>Cảm biến BioActive theo d&otilde;i sức khỏe ch&iacute;nh x&aacute;c</h3>\r\n\r\n<p>Đồng hồ được trang bị c&aacute;c cảm biến &aacute;nh s&aacute;ng, địa từ, gia tốc kế,... đặc biệt l&agrave; bộ cảm biến BioActive đột ph&aacute; của Samsung. Nhờ bộ cảm biến hiện đại n&agrave;y, người d&ugrave;ng c&oacute; thể nhận kết quả ph&acirc;n t&iacute;ch th&agrave;nh phần cơ thể (qua phương ph&aacute;p đo BIA) theo thời gian thực mọi l&uacute;c, mọi nơi chỉ với hai ng&oacute;n tay trong 15 gi&acirc;y. Cụ thể l&agrave; c&aacute;c chỉ số như&nbsp;<a href=\"https://www.thegioididong.com/dong-ho-thong-minh?g=do-nong-do-oxy-trong-mau-spo2\" target=\"_blank\" title=\"Xem thêm các mẫu đồng hồ thông minh đo nồng độ oxy trong máu đang kinh doanh tại Thế Giới Di Động\">nồng độ oxy trong m&aacute;u</a>&nbsp;(SpO2), đo nhịp tim hay lượng calories m&agrave; bạn đ&atilde; ti&ecirc;u thụ, gi&uacute;p bạn kiểm so&aacute;t tốt c&aacute;c mục ti&ecirc;u sức khoẻ của m&igrave;nh.</p>\r\n\r\n<p>&nbsp;</p>\r\n\r\n<p>Ngo&agrave;i ra, đồng hồ c&ograve;n theo d&otilde;i, ph&acirc;n t&iacute;ch v&agrave; đ&aacute;nh gi&aacute; n&acirc;ng cao giấc ngủ của bạn th&ocirc;ng qua việc đo nồng độ oxy trong&nbsp;m&aacute;u, ph&aacute;t hiện tiếng ng&aacute;y gi&uacute;p cải thiện chất lượng nghỉ ngơi của bạn. Samsung hợp t&aacute;c với Tổ chức National Sleep Foundation để cung cấp c&aacute;c th&ocirc;ng tin chuy&ecirc;n s&acirc;u về giấc n', '44mm', ' 5ATM', 'Nhôm', 'Pin', 'Free size', 'Silicone', 'Nhôm', 'Đồng hồ Nam, Đồng hồ Nữ', ' China', ' Bảo hành quốc tế 02 năm'),
(90, 'Samsung Galaxy Watch 4 LTE Classic 46mm', 7500000, 8500000, 500, 'samsung-galaxy-watch-4-lte-classic-46mm1-org.jpg', 'samsung-galaxy-watch-4-lte-classic-46mm1-org.jpg', 'samsung-galaxy-watch-4-lte-classic-46mm3-org.jpg', 'samsung-galaxy-watch-4-lte-classic-46mm4-1-org.jpg', 'samsung-galaxy-watch-4-lte-classic-46mm-20.jpg', 8, 'dong ho thong minh', '<h3>Thiết kế trẻ trung, hiện đại</h3>\r\n\r\n<p><a href=\"https://www.thegioididong.com/dong-ho-thong-minh/samsung-galaxy-watch-4-lte-classic-46mm\" target=\"_blank\" title=\"Samsung Galaxy Watch 4 LTE Classic 46mm đang được kinh doanh tại Thế Giới Di Động\">Samsung Galaxy Watch 4 LTE Classic 46mm</a>&nbsp;mang n&eacute;t sang trọng, hiện đại c&ugrave;ng với bộ khung viền th&eacute;p kh&ocirc;ng gỉ cứng c&aacute;p, m&agrave;n h&igrave;nh SUPER AMOLED được bao bọc bởi lớp k&iacute;nh cường lực Gorrilla Glass Dx+ bền bỉ, chịu lực tốt.&nbsp;<a href=\"https://www.thegioididong.com/dong-ho-thong-minh?g=silicone\" target=\"_blank\" title=\"   Xem thêm một số mẫu đồng hồ thông minh có dây đeo silicone đang kinh doanh tại Thế Giới Di Động\">D&acirc;y đeo silicone</a>&nbsp;&ecirc;m nhẹ, độ đ&agrave;n hồi cao, kh&ocirc;ng thấm nước, thiết kế đục lỗ cho người d&ugrave;ng sự th&ocirc;ng tho&aacute;ng khi mang.</p>\r\n\r\n<p><a href=\"https://cdn.tgdd.vn/Products/Images/7077/248765/samsung-galaxy-watch-4-lte-classic-46mm-1.jpg\" onclick=\"return false;\"><img alt=\"Samsung Galaxy Watch 4 LTE Classic 46mm có thiết kế trẻ trung\" src=\"https://cdn.tgdd.vn/Products/Images/7077/248765/samsung-galaxy-watch-4-lte-classic-46mm-1.jpg\" title=\"Samsung Galaxy Watch 4 LTE Classic 46mm có thiết kế trẻ trung\" /></a></p>\r\n\r\n<h3>Bộ vi xử l&yacute; Exynos W920 với tốc độ nhanh hơn 20% so với d&ograve;ng cũ</h3>\r\n\r\n<p>Galaxy Watch4 Series l&agrave; d&ograve;ng Galaxy Watch đầu ti&ecirc;n sử dụng vi xử l&yacute; Exynos W920 c&oacute; tiến tr&igrave;nh 5 nm với CPU nhanh hơn 20%, RAM nhiều hơn 50% v&agrave; GPU nhanh hơn 10 lần so với chip Exynos 9110 của d&ograve;ng Galaxy Watch 3. Điều n&agrave;y đem đến cho người d&ugrave;ng thao t&aacute;c cuộn, lướt mượt m&agrave;, cho bạn những trải nghiệm th&uacute; vị.</p>\r\n\r\n<p><a href=\"https://cdn.tgdd.vn/Products/Images/7077/248765/samsung-galaxy-watch-4-lte-classic-46mm-2-fix.jpg\" onclick=\"return false;\"><img alt=\"Samsung Galaxy Watch 4 LTE Classic 46mm có bộ chip xử lý cho hiệu năng mạnh mẽ\" src=\"https://cdn.tgdd.vn/Products/Images/7077/248765/samsung-galaxy-watch-4-lte-classic-46mm-2-fix.jpg\" title=\"Samsung Galaxy Watch 4 LTE Classic 46mm có bộ chip xử lý cho hiệu năng mạnh mẽ\" /></a></p>\r\n\r\n<h3>Hệ điều h&agrave;nh One UI Watch</h3>\r\n\r\n<p>Tự h&agrave;o l&agrave; chiếc Galaxy Watch đầu ti&ecirc;n d&ugrave;ng hệ điều h&agrave;nh One UI Watch được t&ugrave;y biến ri&ecirc;ng cho thiết bị Samsung, đồng hồ th&ocirc;ng minh Galaxy Watch 4 LTE Classic được cải tiến về hiệu suất, cho người d&ugrave;ng trải nghiệm liền mạch hơn giữa c&aacute;c thiết bị v&agrave; c&oacute; thể truy cập v&agrave;o nhiều ứng dụng hơn nữa.</p>\r\n\r\n<p>B&ecirc;n cạnh đ&oacute;, nền tảng mới n&agrave;y sẽ gi&uacute;p Galaxy Watch v&agrave; smartphone kết nối với nhau một c&aacute;ch to&agrave;n diện hơn, việc đồng bộ dữ liệu giữa điện thoại v&agrave; đồng hồ cũng diễn ra nhanh ch&oacute;ng, đem đến cho bạn những trải nghiệm tốt hơn.</p>\r\n\r\n<p><a href=\"https://cdn.tgdd.vn/Products/Images/7077/248765/samsung-galaxy-watch-4-lte-classic-46mm-3.jpg\" onclick=\"return false;\"><img alt=\"Samsung Galaxy Watch 4 LTE Classic 46mm có hệ điều hành mới One UI Watch\" src=\"https://cdn.tgdd.vn/Products/Images/7077/248765/samsung-galaxy-watch-4-lte-classic-46mm-3.jpg\" title=\"Samsung Galaxy Watch 4 LTE Classic 46mm có hệ điều hành mới One UI Watch\" /></a></p>\r\n\r\n<h3>M&agrave;n h&igrave;nh SUPER AMOLED hiển thị h&igrave;nh ảnh sắc n&eacute;t</h3>\r\n\r\n<p>Chiếc&nbsp;<a href=\"https://www.thegioididong.com/dong-ho-thong-minh\" target=\"_blank\" title=\"Xem thêm một số mẫu đồng hồ thông minh đang kinh doanh tại Thế Giới Di Động\" type=\"Xem thêm một số mẫu đồng hồ thông minh đang kinh doanh tại Thế Giới Di Động\">đồng hồ th&ocirc;ng minh</a>&nbsp;n&agrave;y c&oacute; m&agrave;n h&igrave;nh k&iacute;ch cỡ 1.4 inch c&ugrave;ng độ ph&acirc;n giải 450 x 450 pixels cho khả năng hiển thị h&igrave;nh ảnh, th&ocirc;ng b&aacute;o tốt hơn. Đồng hồ được trang bị m&agrave;n h&igrave;nh&nbsp;<a href=\"https://www.thegioididong.com/hoi-dap/tim-hieu-cac-loai-man-hinh-thong-dung-tren-smartwatch-1169187#subhmenuid4\" target=\"_blank\" title=\"Tìm hiểu thêm về màn hình Super AMOLED\" type=\"Tìm hiểu thêm về màn hình Super AMOLED\">SUPER AMOLED</a>&nbsp;cho h&igrave;nh ảnh c&oacute; độ tương phản cao, m&agrave;u sắc rực rỡ v&agrave; tiết kiệm pin đ&aacute;ng kể. B&ecirc;n ngo&agrave;i m&agrave;n h&igrave;nh c&oacute; lớp k&iacute;nh cường lực Gorilla Glass Dx+ cứng c&aacute;p, bền chắc, bảo vệ an to&agrave;n cho đồng hồ trước những va chạm kh&ocirc;ng mong muốn.</p>\r\n\r\n<p><a href=\"https://cdn.tgdd.vn/Products/Images/7077/248765/samsung-galaxy-watch-4-lte-classic-46mm-4.jpg\" onclick=\"return false;\"><img alt=\"Samsung Galaxy Watch 4 LTE Classic 46mm có màn hình hiển thị tốt\" src=\"https://cdn.tgdd.vn/Products/Images/7077/248765/samsung-galaxy-watch-4-lte-classic-46mm-4.jpg\" title=\"Samsung Galaxy Watch 4 LTE Classic 46mm có màn hình hiển thị tốt\" /></a></p>\r\n\r\n<h3>eSIM hiện đại - nghe gọi độc lập với điện thoại</h3>\r\n\r\n<p>Samsung đ&atilde; trang bị cho mẫu đồng hồ n&agrave;y t&iacute;nh năng&nbsp;<a href=\"https://www.thegioididong.com/dong-ho-thong-minh-esim\" target=\"_blank\" title=\"Xem thêm các mẫu đồng hồ thông minh có eSIM đang được kinh doanh tại Thế Giới Di Động\">eSIM</a>&nbsp;gi&uacute;p bạn c&oacute; thể thoải m&aacute;i nghe gọi ngay tr&ecirc;n đồng hồ m&agrave; kh&ocirc;ng cần kết nối với điện thoại, đem đến sự tiện dụng khi bạn tập luyện hoặc đi ra ngo&agrave;i m&agrave; kh&ocirc;ng cần mang theo điện thoại.</p>\r\n\r\n<p><a href=\"https://cdn.tgdd.vn/Products/Images/7077/248765/samsung-galaxy-watch-4-lte-classic-46mm-5.jpg\" onclick=\"return false;\"><img alt=\"Samsung Galaxy Watch 4 LTE Classic 46mm có eSim hiện đại\" src=\"https://cdn.tgdd.vn/Products/Images/7077/248765/samsung-galaxy-watch-4-lte-classic-46mm-5.jpg\" title=\"Samsung Galaxy Watch 4 LTE Classic 46mm có eSim hiện đại\" /></a></p>\r\n\r\n<h3>Dễ d&agrave;ng kết nối th&ocirc;ng qua cổng bluetooth</h3>\r\n\r\n<p>Bạn c&oacute; thể thoải m&aacute;i gh&eacute;p nối đồng hồ với c&aacute;c thiết bị th&ocirc;ng minh kh&aacute;c sử dụng nền tảng Android th&ocirc;ng qua bluetooth. Sau khi kết nối th&agrave;nh c&ocirc;ng, người d&ugrave;ng c&oacute; thể thoải m&aacute;i xem th&ocirc;ng b&aacute;o cuộc gọi, tin nhắn, th&ocirc;ng b&aacute;o ứng dụng (Messenger, Zalo,...), xem c&aacute;c dữ liệu về c&aacute;c buổi luyện tập hay c&aacute;c ph&acirc;n t&iacute;ch về sức khỏe,...</p>\r\n\r\n<p><a href=\"https://cdn.tgdd.vn/Products/Images/7077/248765/samsung-galaxy-watch-4-lte-classic-46mm-6.jpg\" onclick=\"return false;\"><img alt=\"Samsung Galaxy Watch 4 LTE Classic 46mm cho khả năng kết nối bluetooth nhanh chóng\" src=\"https://cdn.tgdd.vn/Products/Images/7077/248765/samsung-galaxy-watch-4-lte-classic-46mm-6.jpg\" title=\"Samsung Galaxy Watch 4 LTE Classic 46mm cho khả năng kết nối bluetooth nhanh chóng\" /></a></p>\r\n\r\n<h3>Pin d&ugrave;ng được trong khoảng 1.5 ng&agrave;y</h3>\r\n\r\n<p>Mẫu&nbsp;<a href=\"https://www.thegioididong.com/dong-ho-thong-minh-samsung\" target=\"_blank\" title=\"Xem thêm một số mẫu đồng hồ thông minh Samsung đang kinh doanh tại Thế Giới Di Động\" type=\"Xem thêm một số mẫu đồng hồ thông minh Samsung đang kinh doanh tại Thế Giới Di Động\">đồng hồ th&ocirc;ng minh Samsung</a>&nbsp;n&agrave;y sở hữu vi&ecirc;n pin dung lượng 361 mAh cho bạn thời gian sử dụng khoảng 1.5 ng&agrave;y. Thời lượng pin kh&ocirc;ng qu&aacute; l&acirc;u nhưng bạn c&oacute; thể y&ecirc;n t&acirc;m sử dụng cả ng&agrave;y d&agrave;i m&agrave; kh&ocirc;ng lo hết pin giữa chừng, khi bạn muốn sử dụng gấp, chỉ cần 30 ph&uacute;t sạc cũng đủ cho bạn 10 giờ sử dụng.</p>\r\n\r\n<p><a href=\"https://cdn.tgdd.vn/Products/Images/7077/248765/samsung-galaxy-watch-4-lte-classic-46mm-7.jpg\" onclick=\"return false;\"><img alt=\"Samsung Galaxy Watch 4 LTE Classic 46mm có viên pin dùng được trong khoảng 1.5 ngày\" src=\"https://cdn.tgdd.vn/Products/Images/7077/248765/samsung-galaxy-watch-4-lte-classic-46mm-7.jpg\" title=\"Samsung Galaxy Watch 4 LTE Classic 46mm có viên pin dùng được trong khoảng 1.5 ngày\" /></a></p>\r\n\r\n<h3>Kho t&agrave;ng mặt đồng hồ th&uacute; vị</h3>\r\n\r\n<p>H&atilde;ng đ&atilde; trang bị cho mẫu Galaxy Watch 4 n&agrave;y một bộ sưu tập mặt đồng hồ đẹp mắt, bạn c&oacute; thể thoải m&aacute;i thay đổi, lựa chọn cho m&igrave;nh một mặt đồng hồ ưng &yacute; nhất, ph&ugrave; hợp với phong c&aacute;ch, t&acirc;m trạng của m&igrave;nh.</p>\r\n\r\n<p>&nbsp;</p>\r\n\r\n<h3>Cảm biến hiện đại gi&uacute;p đo c&aacute;c chỉ số sức khỏe, thể chất</h3>\r\n\r\n<p><a href=\"https://www.thegioididong.com/dong-ho-deo-tay\" target=\"_blank\" title=\"Xem thêm các mẫu đồng hồ đang kinh doanh tại Thế Giới Di Động\" type=\"Xem thêm các mẫu đồng hồ đang kinh doanh tại Thế Giới Di Động\">Đồng hồ</a>&nbsp;được trang bị c&aacute;c cảm biến &aacute;nh s&aacute;ng, địa từ, gia tốc kế,... đặc biệt l&agrave; bộ cảm biến BioActive đột ph&aacute; của Samsung. Nhờ bộ cảm biến hiện đại n&agrave;y, người d&ugrave;ng c&oacute; thể nhận kết quả ph&acirc;n t&iacute;ch th&agrave;nh phần cơ thể (qua phương ph&aacute;p đo BIA) theo thời gian thực mọi l&uacute;c, mọi nơi chỉ với hai ng&oacute;n tay trong 15 gi&acirc;y. Cụ thể l&agrave; c&aacute;c chỉ số như nồng độ oxy trong m&aacute;u (<a href=\"https://www.thegioididong.com/hoi-dap/tinh-nang-do-chi-so-spo2-va-vo2-max-tren-smartwatch-la-gi-1279892#hmenuid1\" target=\"_blank\" title=\"Tìm hiểu thêm về SpO2 \" type=\"Tìm hiểu thêm về SpO2 \">SpO2</a>), đo nhịp tim hay lượng calories m&agrave; bạn đ&atilde; ti&ecirc;u thụ, gi&uacute;p bạn kiểm so&aacute;t tốt c&aacute;c mục ti&ecirc;u sức khoẻ của m&igrave;nh.</p>\r\n\r\n<p>&nbsp;</p>\r\n\r\n<p>Ngo&agrave;i ra, đồng hồ c&ograve;n&nbsp;<a href=\"https://www.thegioididong.com/dong-ho-thong-minh-theo-doi-giac-ngu\" target=\"_blank\" title=\"Xem thêm một số mẫu đồng hồ thông minh có chức năng theo dõi giấc ngủ đang kinh doanh tại Thế Giới Di Động\" type=\"Xem thêm một số mẫu đồng hồ thông minh có chức năng theo dõi giấc ngủ đang kinh doanh tại Thế Giới Di Động\">theo d&otilde;i giấc ngủ</a>&nbsp;của bạn, ph&acirc;', '46mm', ' 5ATM', 'Nhôm', 'Pin', 'Free size', 'Silicone', 'Nhôm', 'Đồng hồ Nam, Đồng hồ Nữ', ' China', ' Bảo hành quốc tế 02 năm'),
(91, 'Samsung Galaxy Watch Active 2 44mm viền thép dây da', 11359000, 13000000, 500, 'samsung-galaxy-watch-active-2-44-mm-day-da-den-6-org.jpg', 'samsung-galaxy-watch-active-2-44-mm-day-da-den-1-1-org.jpg', 'samsung-galaxy-watch-active-2-44-mm-day-da-den-4-1-org.jpg', 'samsung-galaxy-watch-active-2-44-mm-day-da-den-9-org.jpg', 'samsung-galaxy-watch-active-2-44-mm-day-da-30-3.jpg', 8, 'dong ho thong minh', '<h3><a href=\"https://www.thegioididong.com/dong-ho-thong-minh/samsung-galaxy-watch-active-2-44-mm-day-da\" target=\"_blank\" title=\"Đồng hồ thông minh Samsung Galaxy Watch Active 2 đang kinh doanh tại Thegioidiong.com\" type=\"Đồng hồ thông minh Samsung Galaxy Watch Active 2 đang kinh doanh tại Thegioidiong.com\">Đồng hồ th&ocirc;ng minh Samsung Galaxy Watch Active 2</a>&nbsp;44mm l&agrave; phi&ecirc;n bản c&oacute; sự cải tiến về c&ocirc;ng nghệ để mang đến những trải nghiệm tốt nhất cho người d&ugrave;ng với nhiều t&iacute;nh năng chăm s&oacute;c sức khỏe, nhận cuộc gọi trực tiếp cũng như nhiều t&iacute;nh năng tiện &iacute;ch kh&aacute;c.</h3>\r\n\r\n<h3>7 chế độ luyện tập n&acirc;ng cao sức khỏe</h3>\r\n\r\n<p><a href=\"https://www.thegioididong.com/dong-ho-thong-minh\" target=\"_blank\" title=\"Xem thêm một số đồng hồ thông minh đang kinh doanh tại Thegioididong.com\" type=\"Xem thêm một số đồng hồ thông minh đang kinh doanh tại Thegioididong.com\">Đồng hồ th&ocirc;ng minh</a>&nbsp;Samsung Galaxy Watch Active 2 thực sự l&agrave; huấn luyện vi&ecirc;n thể thao chuy&ecirc;n nghiệp của bạn với việc t&iacute;ch hợp những chế độ luyện tập kh&aacute;c nhau cho ph&ugrave; hợp với cơ địa v&agrave; thể trạng của từng người.</p>\r\n\r\n<p><a href=\"https://cdn.tgdd.vn/Products/Images/7077/212732/samsung-galaxy-watch-active-2-44-mm-day-da4-1.jpg\" onclick=\"return false;\"><img alt=\"Đồng hồ thông minh Samsung Galaxy Watch Active 2 có nhiều chế độ luyện tập\" src=\"https://cdn.tgdd.vn/Products/Images/7077/212732/samsung-galaxy-watch-active-2-44-mm-day-da4-1.jpg\" title=\"Đồng hồ thông minh Samsung Galaxy Watch Active 2 có nhiều chế độ luyện tập\" /></a></p>\r\n\r\n<p>Những th&ocirc;ng số về&nbsp;<strong>qu&atilde;ng đường chạy</strong>,&nbsp;<strong>đếm số bước ch&acirc;n</strong>,&nbsp;<a href=\"https://www.thegioididong.com/dong-ho-thong-minh?g=tinh-luong-calories-tieu-thu\" target=\"_blank\" title=\"Xem thêm một số đồng hồ thông minh đang kinh doanh tại Thegioididong.com\" type=\"Xem thêm một số đồng hồ thông minh đang kinh doanh tại Thegioididong.com\">lượng calories</a>&nbsp;ti&ecirc;u thụ sẽ l&agrave; tư liệu để cho bạn kiểm so&aacute;t tốt c&aacute;c chế độ luyện tập hằng ng&agrave;y.</p>\r\n\r\n<h3>Theo d&otilde;i giấc ngủ - đo nhịp tim - cảnh b&aacute;o stress</h3>\r\n\r\n<p>Chiếc đồng hồ th&ocirc;ng minh n&agrave;y sẽ gi&uacute;p bạn&nbsp;<a href=\"https://www.thegioididong.com/dong-ho-thong-minh?g=do-nhip-tim\" target=\"_blank\" title=\"Xem thêm một số đồng hồ thông minh đang kinh doanh tại Thegioididong.com\" type=\"Xem thêm một số đồng hồ thông minh đang kinh doanh tại Thegioididong.com\">theo d&otilde;i nhịp tim</a>&nbsp;ch&iacute;nh x&aacute;c 24/24 ngay cả khi bạn đang ngủ v&agrave; cảnh b&aacute;o nếu nhịp tim thay đổi bất thường.</p>\r\n\r\n<p><a href=\"https://cdn.tgdd.vn/Products/Images/7077/212732/samsung-galaxy-watch-active-2-44-mm-day-da5-1.jpg\" onclick=\"return false;\"><img alt=\"Đồng hồ thông minh Samsung Galaxy Watch Active 2 theo dõi nhịp tim liên tục\" src=\"https://cdn.tgdd.vn/Products/Images/7077/212732/samsung-galaxy-watch-active-2-44-mm-day-da5-1.jpg\" title=\"Đồng hồ thông minh Samsung Galaxy Watch Active 2 theo dõi nhịp tim liên tục\" /></a></p>\r\n\r\n<p>Theo d&otilde;i mức độ căng thẳng của cơ thể bạn v&agrave; đưa ra&nbsp;<strong>cảnh b&aacute;o stress</strong>, hướng dẫn bạn những b&agrave;i tập h&iacute;t thở cơ bản để giải tỏa stress.</p>\r\n\r\n<h3>Thiết kế với những đường n&eacute;t tinh tế</h3>\r\n\r\n<p>Samsung Galaxy Watch Active 2 mang đến bạn thiết kế trẻ trung năng động nhưng kh&ocirc;ng k&eacute;m phần tinh tế.</p>\r\n\r\n<p><a href=\"https://cdn.tgdd.vn/Products/Images/7077/212732/samsung-galaxy-watch-active-2-44-mm-day-da2-2.jpg\" onclick=\"return false;\"><img alt=\"Đồng hồ thông minh Samsung Galaxy Watch Active 2 thiết kế năng động, thời trang\" src=\"https://cdn.tgdd.vn/Products/Images/7077/212732/samsung-galaxy-watch-active-2-44-mm-day-da2-2.jpg\" title=\"Đồng hồ thông minh Samsung Galaxy Watch Active 2 thiết kế năng động, thời trang\" /></a></p>\r\n\r\n<p>M&agrave;n h&igrave;nh&nbsp;<strong>SUPER AMOLED 1.4 inch</strong>&nbsp;sắc n&eacute;t với chất liệu mặt l&agrave; k&iacute;nh cường lực&nbsp;<strong>Gorilla Glass</strong>&nbsp;chống trầy hiệu quả.</p>\r\n\r\n<p><a href=\"https://cdn.tgdd.vn/Products/Images/7077/212732/samsung-galaxy-watch-active-2-44-mm-day-da0.jpg\" onclick=\"return false;\"><img alt=\"Đồng hồ thông minh Samsung Galaxy Watch Active 2 hiển thị rõ, sắc nét\" src=\"https://cdn.tgdd.vn/Products/Images/7077/212732/samsung-galaxy-watch-active-2-44-mm-day-da0.jpg\" title=\"Đồng hồ thông minh Samsung Galaxy Watch Active 2 hiển thị rõ, sắc nét\" /></a></p>\r\n\r\n<h3>Gọi điện trực tiếp tr&ecirc;n đồng hồ</h3>\r\n\r\n<p>Đồng hồ th&ocirc;ng minh Samsung Galaxy Watch Active 2 c&ograve;n t&iacute;ch hợp t&iacute;nh năng gọi điện trực tiếp, hiển thị th&ocirc;ng b&aacute;o về nội dung tin nhắn, Zalo, Messenger, Line,...</p>\r\n\r\n<p><a href=\"https://cdn.tgdd.vn/Products/Images/7077/212732/samsung-galaxy-watch-active-2-44-mm-day-da1-1.jpg\" onclick=\"return false;\"><img alt=\"Đồng hồ thông minh Samsung Galaxy Watch Active 2 cho phép nghe gọi\" src=\"https://cdn.tgdd.vn/Products/Images/7077/212732/samsung-galaxy-watch-active-2-44-mm-day-da1-1.jpg\" title=\"Đồng hồ thông minh Samsung Galaxy Watch Active 2 cho phép nghe gọi\" /></a></p>\r\n\r\n<p>Bạn cũng c&oacute; thể sử dụng đồng hồ như thiết bị điều khiển từ xa, tiện lợi khi chụp h&igrave;nh v&agrave; quay video.</p>\r\n\r\n<p><a href=\"https://cdn.tgdd.vn/Products/Images/7077/212732/samsung-galaxy-watch-active-2-44-mm-day-da-4.jpg\" onclick=\"return false;\"><img alt=\"Đồng hồ thông minh Samsung Galaxy Watch Active 2 điều khiển từ xa\" src=\"https://cdn.tgdd.vn/Products/Images/7077/212732/samsung-galaxy-watch-active-2-44-mm-day-da-4.jpg\" title=\"Đồng hồ thông minh Samsung Galaxy Watch Active 2 điều khiển từ xa\" /></a></p>\r\n\r\n<h3>Thoải m&aacute;i tắm, bơi ở v&ugrave;ng nước n&ocirc;ng nhờ chỉ số&nbsp;<a href=\"https://www.thegioididong.com/dong-ho-thong-minh-chong-nuoc-5-atm\" target=\"_blank\" title=\"Xem thêm 1 số mẫu đồng hồ thông minh có hệ số chống nước 5 ATM\">chống nước 5 ATM</a></h3>\r\n\r\n<p>Thiết bị đạt chuẩn 5 ATM - ISO 22810:2010, nghĩa l&agrave; thiết bị c&oacute; thể kh&aacute;ng nước ở độ s&acirc;u 50m trong v&ograve;ng 10 ph&uacute;t.&nbsp;Bạn c&oacute; thể mang ch&uacute;ng đi bơi lội, tận hưởng việc tự do kh&aacute;m ph&aacute;, lu&ocirc;n kết nối v&agrave; ghi lại h&agrave;nh tr&igrave;nh phi&ecirc;u lưu của m&igrave;nh. C&aacute;c thiết bị đạt chuẩn n&agrave;y c&oacute; thể hoạt động trong c&aacute;c điều kiện nước n&ocirc;ng v&agrave; chuyển động ở vận tốc thấp.&nbsp;Bật t&iacute;nh năng kh&oacute;a chống nước trước khi mang sản phẩm đi bơi, đi mưa, kh&ocirc;ng ấn c&aacute;c n&uacute;t điều chỉnh, kh&ocirc;ng d&ugrave;ng trong ph&ograve;ng tắm hơi, tắm nước n&oacute;ng.</p>\r\n\r\n<p><strong>Samsung&nbsp;kh&ocirc;ng bảo h&agrave;nh, đổi trả</strong>&nbsp;trong trường hợp sản phẩm bị v&agrave;o nước.&nbsp;Tuy nhi&ecirc;n khi gặp trường hợp tr&ecirc;n, n&ecirc;n tắt nguồn của thiết bị v&agrave; nhanh ch&oacute;ng mang đến Trung T&acirc;m Bảo H&agrave;nh gần nhất c&oacute; thể để được hỗ trợ sửa chữa.</p>\r\n\r\n<p><a href=\"https://cdn.tgdd.vn/Products/Images/7077/212732/Slider/samsung-galaxy-watch-active-2-44-mm-day-da-hbv-fix-800x444.jpg\" onclick=\"return false;\"><img alt=\"Đồng hồ thông minh Samsung Galaxy Watch Active 2 đạt chuẩn chống nước 5 ATM\" src=\"https://cdn.tgdd.vn/Products/Images/7077/212732/Slider/samsung-galaxy-watch-active-2-44-mm-day-da-hbv-fix-800x444.jpg\" title=\"Đồng hồ thông minh Samsung Galaxy Watch Active 2 đạt chuẩn chống nước 5 ATM\" /></a></p>\r\n\r\n<h3>C&aacute;c t&iacute;nh năng tiện &iacute;ch kh&aacute;c</h3>\r\n\r\n<p>B&ecirc;n cạnh những t&iacute;nh năng quan trọng th&igrave; chiếc đồng hồ n&agrave;y cũng hỗ trợ nhiều t&iacute;nh năng cơ bản kh&aacute;c như: T&igrave;m điện thoại, b&aacute;o thức, nghe nhạc,...&nbsp;</p>\r\n\r\n<p><a href=\"https://cdn.tgdd.vn/Products/Images/7077/212732/samsung-galaxy-watch-active-2-44-mm-day-da0101.jpg\" onclick=\"return false;\"><img alt=\"Đồng hồ thông minh Samsung Galaxy Watch Active 2 với nhiều tính năng khác\" src=\"https://cdn.tgdd.vn/Products/Images/7077/212732/samsung-galaxy-watch-active-2-44-mm-day-da0101.jpg\" title=\"Đồng hồ thông minh Samsung Galaxy Watch Active 2 với nhiều tính năng khác\" /></a></p>\r\n', '44mm', ' 5ATM', 'Thép', 'Pin', 'Free size', 'Dây da chính hãng', 'Thép không gỉ mạ PVD', 'Đồng hồ Nam, Đồng hồ Nữ', ' China', ' Bảo hành quốc tế 02 năm');

-- --------------------------------------------------------

--
-- Cấu trúc bảng cho bảng `thongke`
--

CREATE TABLE `thongke` (
  `ID` int(11) NOT NULL,
  `tendoanhthu` varchar(233) NOT NULL,
  `thang_doanh_thu` int(11) NOT NULL,
  `nam_doanh_thu` int(11) NOT NULL,
  `ngaytao` date NOT NULL,
  `tongdoanhthu` int(15) NOT NULL
) ENGINE=InnoDB DEFAULT CHARSET=utf16;

--
-- Đang đổ dữ liệu cho bảng `thongke`
--

INSERT INTO `thongke` (`ID`, `tendoanhthu`, `thang_doanh_thu`, `nam_doanh_thu`, `ngaytao`, `tongdoanhthu`) VALUES
(1, 'Bản thống kê doanh thu tháng 3 / 2022', 3, 2022, '2022-03-05', 256500000),
(2, 'Bản thống kê doanh thu tháng 3 / 2022', 3, 2022, '2022-03-16', 256500000),
(3, 'Bản thống kê doanh thu tháng 3 / 2022', 3, 2022, '2022-03-29', 359100000),
(4, 'Bản thống kê doanh thu tháng 3 / 2022', 3, 2022, '2022-03-29', 359100000),
(5, 'Bản thống kê doanh thu tháng 3 / 2022', 3, 2022, '2022-03-29', 359100000);

-- --------------------------------------------------------

--
-- Cấu trúc bảng cho bảng `tintuc`
--

CREATE TABLE `tintuc` (
  `ID_tintuc` int(11) NOT NULL,
  `tieude` varchar(255) NOT NULL,
  `anh` varchar(255) NOT NULL,
  `loinoingan` varchar(255) NOT NULL,
  `thoigian` date NOT NULL,
  `mota` text NOT NULL
) ENGINE=InnoDB DEFAULT CHARSET=utf8;

--
-- Chỉ mục cho các bảng đã đổ
--

--
-- Chỉ mục cho bảng `chitietdonhang`
--
ALTER TABLE `chitietdonhang`
  ADD KEY `ID_hoadon` (`ID_giohang`),
  ADD KEY `ID_sanpham` (`ID_sanpham`);

--
-- Chỉ mục cho bảng `giohang`
--
ALTER TABLE `giohang`
  ADD PRIMARY KEY (`ID`),
  ADD KEY `ID_nhanvien` (`ID_nhanvien`);

--
-- Chỉ mục cho bảng `hang`
--
ALTER TABLE `hang`
  ADD PRIMARY KEY (`ID_hang`);

--
-- Chỉ mục cho bảng `lienhe`
--
ALTER TABLE `lienhe`
  ADD PRIMARY KEY (`ID`);

--
-- Chỉ mục cho bảng `login_nhanvien`
--
ALTER TABLE `login_nhanvien`
  ADD KEY `ID` (`ID`);

--
-- Chỉ mục cho bảng `nhanvien`
--
ALTER TABLE `nhanvien`
  ADD PRIMARY KEY (`ID`);

--
-- Chỉ mục cho bảng `review`
--
ALTER TABLE `review`
  ADD KEY `ID` (`ID`);

--
-- Chỉ mục cho bảng `sanpham`
--
ALTER TABLE `sanpham`
  ADD PRIMARY KEY (`ID`),
  ADD KEY `ID_hang` (`ID_hang`);

--
-- Chỉ mục cho bảng `thongke`
--
ALTER TABLE `thongke`
  ADD PRIMARY KEY (`ID`);

--
-- Chỉ mục cho bảng `tintuc`
--
ALTER TABLE `tintuc`
  ADD PRIMARY KEY (`ID_tintuc`);

--
-- AUTO_INCREMENT cho các bảng đã đổ
--

--
-- AUTO_INCREMENT cho bảng `hang`
--
ALTER TABLE `hang`
  MODIFY `ID_hang` int(10) NOT NULL AUTO_INCREMENT, AUTO_INCREMENT=9;

--
-- AUTO_INCREMENT cho bảng `lienhe`
--
ALTER TABLE `lienhe`
  MODIFY `ID` int(11) NOT NULL AUTO_INCREMENT, AUTO_INCREMENT=2;

--
-- AUTO_INCREMENT cho bảng `sanpham`
--
ALTER TABLE `sanpham`
  MODIFY `ID` int(11) NOT NULL AUTO_INCREMENT, AUTO_INCREMENT=92;

--
-- AUTO_INCREMENT cho bảng `thongke`
--
ALTER TABLE `thongke`
  MODIFY `ID` int(11) NOT NULL AUTO_INCREMENT, AUTO_INCREMENT=6;

--
-- AUTO_INCREMENT cho bảng `tintuc`
--
ALTER TABLE `tintuc`
  MODIFY `ID_tintuc` int(11) NOT NULL AUTO_INCREMENT;

--
-- Các ràng buộc cho các bảng đã đổ
--

--
-- Các ràng buộc cho bảng `chitietdonhang`
--
ALTER TABLE `chitietdonhang`
  ADD CONSTRAINT `chitietdonhang_ibfk_1` FOREIGN KEY (`ID_giohang`) REFERENCES `giohang` (`ID`);

--
-- Các ràng buộc cho bảng `giohang`
--
ALTER TABLE `giohang`
  ADD CONSTRAINT `giohang_ibfk_2` FOREIGN KEY (`ID_nhanvien`) REFERENCES `nhanvien` (`ID`);

--
-- Các ràng buộc cho bảng `login_nhanvien`
--
ALTER TABLE `login_nhanvien`
  ADD CONSTRAINT `login_nhanvien_ibfk_1` FOREIGN KEY (`ID`) REFERENCES `nhanvien` (`ID`);

--
-- Các ràng buộc cho bảng `review`
--
ALTER TABLE `review`
  ADD CONSTRAINT `review_ibfk_1` FOREIGN KEY (`ID`) REFERENCES `sanpham` (`ID`);

--
-- Các ràng buộc cho bảng `sanpham`
--
ALTER TABLE `sanpham`
  ADD CONSTRAINT `sanpham_ibfk_1` FOREIGN KEY (`ID_hang`) REFERENCES `hang` (`ID_hang`);
COMMIT;

/*!40101 SET CHARACTER_SET_CLIENT=@OLD_CHARACTER_SET_CLIENT */;
/*!40101 SET CHARACTER_SET_RESULTS=@OLD_CHARACTER_SET_RESULTS */;
/*!40101 SET COLLATION_CONNECTION=@OLD_COLLATION_CONNECTION */;
